date,state,net_revenue_usd,orders,paid_social_spend_usd,platform_attributed_revenue_usd,revenue_feed_complete,can_increase_spend,delivery_group,planned_bau_daily_spend_usd,audited_last_28d_revenue_usd
2026-01-12,CA,355365.87,3400.0,33979.1,139963.34,1,0,CA,33994.19,10032181.32
2026-01-13,CA,360307.06,3623.0,34399.85,151055.19,1,0,CA,33994.19,10032181.32
2026-01-14,CA,355524.97,3688.0,34507.67,155513.49,1,0,CA,33994.19,10032181.32
2026-01-15,CA,358680.56,3602.0,34670.49,147225.42,1,0,CA,33994.19,10032181.32
2026-01-16,CA,329579.58,3296.0,34920.54,137349.87,1,0,CA,33994.19,10032181.32
2026-01-17,CA,304572.69,3408.0,34476.76,123987.49,1,0,CA,33994.19,10032181.32
2026-01-18,CA,314762.8,3112.0,34231.89,135089.17,1,0,CA,33994.19,10032181.32
2026-01-19,CA,345608.26,3330.0,34658.25,133588.26,1,0,CA,33994.19,10032181.32
2026-01-20,CA,366035.96,3605.0,34154.38,148549.31,1,0,CA,33994.19,10032181.32
2026-01-21,CA,368181.47,3873.0,34442.45,159108.37,1,0,CA,33994.19,10032181.32
2026-01-22,CA,357528.15,3713.0,34400.88,157549.73,1,0,CA,33994.19,10032181.32
2026-01-23,CA,342264.69,3152.0,33702.34,154842.37,1,0,CA,33994.19,10032181.32
2026-01-24,CA,329165.54,3418.0,34225.89,148674.68,1,0,CA,33994.19,10032181.32
2026-01-25,CA,330885.12,3254.0,34264.51,148362.94,1,0,CA,33994.19,10032181.32
2026-01-26,CA,337654.82,3479.0,34034.12,143737.42,1,0,CA,33994.19,10032181.32
2026-01-27,CA,347777.44,3348.0,34119.27,150369.55,1,0,CA,33994.19,10032181.32
2026-01-28,CA,360451.67,3610.0,33724.61,146548.01,1,0,CA,33994.19,10032181.32
2026-01-29,CA,361848.39,3655.0,33395.81,140217.68,1,0,CA,33994.19,10032181.32
2026-01-30,CA,337114.46,3479.0,33466.45,135069.18,1,0,CA,33994.19,10032181.32
2026-01-31,CA,316446.4,3191.0,33723.28,136074.9,1,0,CA,33994.19,10032181.32
2026-02-01,CA,304652.84,2940.0,33579.96,130645.12,1,0,CA,33994.19,10032181.32
2026-02-02,CA,323714.98,3066.0,33194.92,139164.74,1,0,CA,33994.19,10032181.32
2026-02-03,CA,343818.65,3454.0,33745.94,142311.49,1,0,CA,33994.19,10032181.32
2026-02-04,CA,343294.31,3328.0,33482.79,139691.33,1,0,CA,33994.19,10032181.32
2026-02-05,CA,323555.53,3246.0,33691.65,139539.31,1,0,CA,33994.19,10032181.32
2026-02-06,CA,313627.27,3155.0,33938.19,127056.31,1,0,CA,33994.19,10032181.32
2026-02-07,CA,286210.38,2833.0,33904.31,123546.01,1,0,CA,33994.19,10032181.32
2026-02-08,CA,300815.21,3175.0,33852.3,129049.95,1,0,CA,33994.19,10032181.32
2026-02-09,CA,308981.13,3022.0,33695.01,138981.79,1,0,CA,33994.19,10032181.32
2026-02-10,CA,336328.72,3329.0,33902.61,131497.18,1,0,CA,33994.19,10032181.32
2026-02-11,CA,329264.07,3352.0,34150.3,153725.47,1,0,CA,33994.19,10032181.32
2026-02-12,CA,345852.41,3547.0,34500.6,148388.37,1,0,CA,33994.19,10032181.32
2026-02-13,CA,316870.15,3296.0,34760.02,126296.21,1,0,CA,33994.19,10032181.32
2026-02-14,CA,304525.15,2944.0,34871.42,121539.91,1,0,CA,33994.19,10032181.32
2026-02-15,CA,307427.06,3272.0,34382.26,132643.08,1,0,CA,33994.19,10032181.32
2026-02-16,CA,323813.97,3199.0,34616.26,127921.46,1,0,CA,33994.19,10032181.32
2026-02-17,CA,357650.91,3515.0,34736.87,151977.23,1,0,CA,33994.19,10032181.32
2026-02-18,CA,354213.27,3505.0,34532.57,151413.59,1,0,CA,33994.19,10032181.32
2026-02-19,CA,339925.09,3726.0,34341.86,154123.14,1,0,CA,33994.19,10032181.32
2026-02-20,CA,331966.22,3270.0,34182.72,144278.95,1,0,CA,33994.19,10032181.32
2026-02-21,CA,340276.74,3176.0,33975.74,156426.07,1,0,CA,33994.19,10032181.32
2026-02-22,CA,343203.07,3519.0,34005.19,140271.06,1,0,CA,33994.19,10032181.32
2026-02-23,CA,363912.21,3465.0,34236.7,156177.93,1,0,CA,33994.19,10032181.32
2026-02-24,CA,389750.38,3813.0,34026.43,169095.61,1,0,CA,33994.19,10032181.32
2026-02-25,CA,379597.01,3656.0,33545.28,155369.64,1,0,CA,33994.19,10032181.32
2026-02-26,CA,355755.33,3876.0,33982.51,157195.71,1,0,CA,33994.19,10032181.32
2026-02-27,CA,340522.77,3315.0,33916.25,149701.13,1,0,CA,33994.19,10032181.32
2026-02-28,CA,335762.41,3299.0,33371.17,140239.09,1,0,CA,33994.19,10032181.32
2026-03-01,CA,347854.35,3633.0,33398.12,145309.59,1,0,CA,33994.19,10032181.32
2026-03-02,CA,365831.71,3349.0,33108.65,156356.01,1,0,CA,33994.19,10032181.32
2026-03-03,CA,386510.78,3856.0,33484.73,168765.94,1,0,CA,33994.19,10032181.32
2026-03-04,CA,379962.25,3878.0,33438.54,149705.49,1,0,CA,33994.19,10032181.32
2026-03-05,CA,367076.11,3546.0,33745.17,157421.83,1,0,CA,33994.19,10032181.32
2026-03-06,CA,319838.44,3203.0,33842.36,141143.36,1,0,CA,33994.19,10032181.32
2026-03-07,CA,326712.05,3401.0,33709.59,133614.96,1,0,CA,33994.19,10032181.32
2026-03-08,CA,330388.83,3123.0,33717.21,135458.95,1,0,CA,33994.19,10032181.32
2026-03-09,CA,351178.95,3581.0,34146.91,137913.76,1,0,CA,33994.19,10032181.32
2026-03-10,CA,376273.74,3664.0,34201.59,159412.58,1,0,CA,33994.19,10032181.32
2026-03-11,CA,378183.12,3970.0,34044.28,151637.39,1,0,CA,33994.19,10032181.32
2026-03-12,CA,353661.98,3533.0,33943.12,149725.41,1,0,CA,33994.19,10032181.32
2026-03-13,CA,333160.46,3223.0,34486.71,141194.2,1,0,CA,33994.19,10032181.32
2026-03-14,CA,315870.18,3127.0,34538.57,132236.51,1,0,CA,33994.19,10032181.32
2026-03-15,CA,323552.14,3432.0,34212.03,132495.58,1,0,CA,33994.19,10032181.32
2026-03-16,CA,339487.9,3513.0,34848.83,149234.01,1,0,CA,33994.19,10032181.32
2026-03-17,CA,363631.28,3543.0,34436.47,162228.57,1,0,CA,33994.19,10032181.32
2026-03-18,CA,366323.73,3595.0,34210.94,153587.29,1,0,CA,33994.19,10032181.32
2026-03-19,CA,360168.93,3656.0,34607.3,155339.68,1,0,CA,33994.19,10032181.32
2026-03-20,CA,349299.03,3518.0,34027.99,148506.34,1,0,CA,33994.19,10032181.32
2026-03-21,CA,326456.59,3332.0,34386.6,141974.89,1,0,CA,33994.19,10032181.32
2026-03-22,CA,325927.17,3230.0,34311.1,134592.39,1,0,CA,33994.19,10032181.32
2026-03-23,CA,406918.77,3928.0,34346.08,166979.82,1,0,CA,33994.19,10032181.32
2026-03-24,CA,421736.37,4259.0,34113.3,179339.88,1,0,CA,33994.19,10032181.32
2026-03-25,CA,423978.56,4192.0,33295.27,166453.65,1,0,CA,33994.19,10032181.32
2026-03-26,CA,413066.85,4315.0,33575.25,150504.38,1,0,CA,33994.19,10032181.32
2026-03-27,CA,417357.26,4136.0,33521.08,164046.72,1,0,CA,33994.19,10032181.32
2026-03-28,CA,396068.64,3839.0,33700.65,165301.3,1,0,CA,33994.19,10032181.32
2026-03-29,CA,398035.88,4024.0,33578.39,169595.93,1,0,CA,33994.19,10032181.32
2026-03-30,CA,358837.51,3511.0,33384.67,152635.85,1,0,CA,33994.19,10032181.32
2026-03-31,CA,394354.45,3884.0,33628.99,148885.91,1,0,CA,33994.19,10032181.32
2026-04-01,CA,386855.23,3854.0,33699.61,152160.82,1,0,CA,33994.19,10032181.32
2026-04-02,CA,372882.94,3691.0,33449.37,152326.5,1,0,CA,33994.19,10032181.32
2026-04-03,CA,363390.75,4020.0,33553.77,151113.58,1,0,CA,33994.19,10032181.32
2026-04-04,CA,350693.46,3779.0,33628.05,167285.79,1,0,CA,33994.19,10032181.32
2026-04-05,CA,354035.3,3536.0,33837.38,150198.7,1,0,CA,33994.19,10032181.32
2026-04-06,CA,359481.33,3706.0,34030.94,136040.83,1,0,CA,33994.19,10032181.32
2026-04-07,CA,358955.91,3884.0,34392.33,156636.49,1,0,CA,33994.19,10032181.32
2026-04-08,CA,386681.28,3950.0,34318.1,162839.44,1,0,CA,33994.19,10032181.32
2026-04-09,CA,369777.6,3743.0,34232.05,145836.59,1,0,CA,33994.19,10032181.32
2026-04-10,CA,353670.46,3579.0,34804.42,147792.23,1,0,CA,33994.19,10032181.32
2026-04-11,CA,330181.91,3310.0,34576.54,135120.49,1,0,CA,33994.19,10032181.32
2026-04-12,CA,331944.05,3402.0,34333.16,139505.34,1,0,CA,33994.19,10032181.32
2026-04-13,CA,347871.23,3520.0,34698.26,148741.26,1,0,CA,33994.19,10032181.32
2026-04-14,CA,359119.85,3686.0,34615.35,157154.98,1,0,CA,33994.19,10032181.32
2026-04-15,CA,362716.03,3657.0,34626.43,160306.71,1,0,CA,33994.19,10032181.32
2026-04-16,CA,356975.01,3634.0,34246.67,147094.04,1,0,CA,33994.19,10032181.32
2026-04-17,CA,328658.19,3252.0,34297.17,130825.91,1,0,CA,33994.19,10032181.32
2026-04-18,CA,306286.75,2867.0,34351.18,133923.63,1,0,CA,33994.19,10032181.32
2026-04-19,CA,307281.71,2960.0,34108.52,125864.05,1,0,CA,33994.19,10032181.32
2026-04-20,CA,328130.57,3055.0,34069.59,143894.04,1,0,CA,33994.19,10032181.32
2026-04-21,CA,355758.3,3609.0,33386.28,143359.45,1,0,CA,33994.19,10032181.32
2026-04-22,CA,375682.74,3600.0,33638.45,168517.77,1,0,CA,33994.19,10032181.32
2026-04-23,CA,356717.35,3721.0,33745.46,153335.06,1,0,CA,33994.19,10032181.32
2026-04-24,CA,347881.64,3267.0,33617.44,130830.45,1,0,CA,33994.19,10032181.32
2026-04-25,CA,330496.39,3443.0,34064.74,128392.08,1,0,CA,33994.19,10032181.32
2026-04-26,CA,330253.54,3248.0,33608.18,142713.53,1,0,CA,33994.19,10032181.32
2026-04-27,CA,364475.61,3703.0,33160.31,161537.14,1,0,CA,33994.19,10032181.32
2026-04-28,CA,379102.63,4090.0,33396.23,158076.89,1,0,CA,33994.19,10032181.32
2026-04-29,CA,381098.93,4192.0,33258.23,154820.35,1,0,CA,33994.19,10032181.32
2026-04-30,CA,359083.18,3409.0,33256.38,152040.33,1,0,CA,33994.19,10032181.32
2026-05-01,CA,353606.02,3456.0,33414.42,142691.7,1,0,CA,33994.19,10032181.32
2026-05-02,CA,340201.07,3374.0,33635.38,147188.94,1,0,CA,33994.19,10032181.32
2026-05-03,CA,356522.68,3586.0,33562.59,143489.42,1,0,CA,33994.19,10032181.32
2026-05-04,CA,380864.96,3779.0,33877.41,156104.66,1,0,CA,33994.19,10032181.32
2026-05-05,CA,385949.66,4018.0,34175.72,148110.22,1,0,CA,33994.19,10032181.32
2026-05-06,CA,377204.43,3692.0,34022.85,161408.09,1,0,CA,33994.19,10032181.32
2026-05-07,CA,365101.0,3627.0,34289.24,165815.0,1,0,CA,33994.19,10032181.32
2026-05-08,CA,350246.67,3604.0,34373.52,144816.57,1,0,CA,33994.19,10032181.32
2026-05-09,CA,336932.47,3538.0,34635.16,145068.44,1,0,CA,33994.19,10032181.32
2026-05-10,CA,351189.56,3471.0,34445.51,144654.1,1,0,CA,33994.19,10032181.32
2026-05-11,CA,372907.09,3856.0,34735.33,165115.95,1,0,CA,33994.19,10032181.32
2026-05-12,CA,390771.67,3638.0,34060.11,168591.2,1,0,CA,33994.19,10032181.32
2026-05-13,CA,391181.92,4016.0,34245.8,168551.99,1,0,CA,33994.19,10032181.32
2026-05-14,CA,379316.01,4006.0,34383.78,163796.64,1,0,CA,33994.19,10032181.32
2026-05-15,CA,364012.74,3523.0,34242.86,157426.68,1,0,CA,33994.19,10032181.32
2026-05-16,CA,337555.02,3419.0,33825.63,151979.95,1,0,CA,33994.19,10032181.32
2026-05-17,CA,341812.61,3412.0,34082.79,140653.89,1,0,CA,33994.19,10032181.32
2026-05-18,CA,354173.29,3508.0,33824.18,159783.02,1,0,CA,33994.19,10032181.32
2026-05-19,CA,365256.48,3713.0,33766.44,158902.12,1,0,CA,33994.19,10032181.32
2026-05-20,CA,369432.05,3637.0,33972.9,158054.64,1,0,CA,33994.19,10032181.32
2026-05-21,CA,358178.25,3635.0,34220.18,136646.95,1,0,CA,33994.19,10032181.32
2026-05-22,CA,332210.05,3555.0,34007.51,134193.8,1,0,CA,33994.19,10032181.32
2026-05-23,CA,324633.0,3519.0,33702.91,138539.36,1,0,CA,33994.19,10032181.32
2026-05-24,CA,326138.84,3145.0,33262.72,132568.53,1,0,CA,33994.19,10032181.32
2026-05-25,CA,337032.53,3434.0,33360.23,139305.56,1,0,CA,33994.19,10032181.32
2026-05-26,CA,363305.45,3472.0,33343.83,152754.8,1,0,CA,33994.19,10032181.32
2026-05-27,CA,368297.64,3708.0,33769.28,152404.44,1,0,CA,33994.19,10032181.32
2026-05-28,CA,370226.0,3608.0,33575.43,148399.66,1,0,CA,33994.19,10032181.32
2026-05-29,CA,344478.94,3590.0,33756.92,141853.3,1,0,CA,33994.19,10032181.32
2026-05-30,CA,343460.15,3678.0,34102.53,146353.22,1,0,CA,33994.19,10032181.32
2026-05-31,CA,350312.84,3380.0,33776.47,154388.26,1,0,CA,33994.19,10032181.32
2026-01-12,CO,91888.19,917.0,9060.01,39133.94,1,1,CO,8986.41,2744745.41
2026-01-13,CO,96105.84,996.0,9057.21,40267.46,1,1,CO,8986.41,2744745.41
2026-01-14,CO,98719.65,959.0,9047.02,39254.97,1,1,CO,8986.41,2744745.41
2026-01-15,CO,94053.97,921.0,9064.99,40703.25,1,1,CO,8986.41,2744745.41
2026-01-16,CO,86861.78,938.0,9114.81,36773.78,1,1,CO,8986.41,2744745.41
2026-01-17,CO,82302.31,790.0,9183.02,34509.54,1,1,CO,8986.41,2744745.41
2026-01-18,CO,82553.63,843.0,9159.58,33200.0,1,1,CO,8986.41,2744745.41
2026-01-19,CO,91575.34,979.0,9109.79,37645.75,1,1,CO,8986.41,2744745.41
2026-01-20,CO,96930.83,931.0,9082.89,41727.93,1,1,CO,8986.41,2744745.41
2026-01-21,CO,100469.67,928.0,9089.3,41124.26,1,1,CO,8986.41,2744745.41
2026-01-22,CO,94337.94,906.0,9215.14,39077.49,1,1,CO,8986.41,2744745.41
2026-01-23,CO,89404.78,923.0,9098.17,35981.48,1,1,CO,8986.41,2744745.41
2026-01-24,CO,83269.2,860.0,9103.3,36145.45,1,1,CO,8986.41,2744745.41
2026-01-25,CO,84079.25,857.0,8950.44,33597.91,1,1,CO,8986.41,2744745.41
2026-01-26,CO,86071.98,870.0,9077.65,37291.03,1,1,CO,8986.41,2744745.41
2026-01-27,CO,92845.04,927.0,9018.66,38666.83,1,1,CO,8986.41,2744745.41
2026-01-28,CO,98831.62,994.0,8924.79,42852.36,1,1,CO,8986.41,2744745.41
2026-01-29,CO,95801.25,974.0,8929.84,42161.65,1,1,CO,8986.41,2744745.41
2026-01-30,CO,85737.27,862.0,8921.71,36618.77,1,1,CO,8986.41,2744745.41
2026-01-31,CO,83135.84,810.0,8932.44,31628.26,1,1,CO,8986.41,2744745.41
2026-02-01,CO,82258.69,825.0,8883.26,35051.33,1,1,CO,8986.41,2744745.41
2026-02-02,CO,89241.03,883.0,8876.91,38204.62,1,1,CO,8986.41,2744745.41
2026-02-03,CO,96635.32,939.0,8841.31,41670.36,1,1,CO,8986.41,2744745.41
2026-02-04,CO,97559.15,954.0,8928.58,40875.49,1,1,CO,8986.41,2744745.41
2026-02-05,CO,94367.4,955.0,8976.18,40575.98,1,1,CO,8986.41,2744745.41
2026-02-06,CO,87755.86,850.0,8952.8,35695.09,1,1,CO,8986.41,2744745.41
2026-02-07,CO,83674.1,781.0,8952.68,35344.4,1,1,CO,8986.41,2744745.41
2026-02-08,CO,81105.83,803.0,8996.49,35799.23,1,1,CO,8986.41,2744745.41
2026-02-09,CO,88251.01,854.0,9019.43,36230.59,1,1,CO,8986.41,2744745.41
2026-02-10,CO,95969.57,989.0,8984.74,38054.13,1,1,CO,8986.41,2744745.41
2026-02-11,CO,93329.19,967.0,9123.73,37345.74,1,1,CO,8986.41,2744745.41
2026-02-12,CO,93349.38,933.0,8984.17,40027.91,1,1,CO,8986.41,2744745.41
2026-02-13,CO,88952.57,984.0,9032.61,38142.48,1,1,CO,8986.41,2744745.41
2026-02-14,CO,83175.63,849.0,9045.56,34344.68,1,1,CO,8986.41,2744745.41
2026-02-15,CO,86416.92,901.0,9087.51,34632.2,1,1,CO,8986.41,2744745.41
2026-02-16,CO,90327.47,894.0,9108.35,38044.41,1,1,CO,8986.41,2744745.41
2026-02-17,CO,98576.04,1001.0,9198.4,40838.44,1,1,CO,8986.41,2744745.41
2026-02-18,CO,94208.22,1005.0,9071.82,38998.25,1,1,CO,8986.41,2744745.41
2026-02-19,CO,90851.88,901.0,9084.18,37233.26,1,1,CO,8986.41,2744745.41
2026-02-20,CO,89746.61,886.0,9128.5,38832.78,1,1,CO,8986.41,2744745.41
2026-02-21,CO,88064.35,935.0,9051.82,36089.78,1,1,CO,8986.41,2744745.41
2026-02-22,CO,94135.89,1005.0,9016.23,40686.07,1,1,CO,8986.41,2744745.41
2026-02-23,CO,98069.22,981.0,9048.31,42030.47,1,1,CO,8986.41,2744745.41
2026-02-24,CO,102649.76,1105.0,8959.77,41140.5,1,1,CO,8986.41,2744745.41
2026-02-25,CO,99521.24,1001.0,8958.41,40938.48,1,1,CO,8986.41,2744745.41
2026-02-26,CO,93618.13,978.0,8993.39,39607.78,1,1,CO,8986.41,2744745.41
2026-02-27,CO,85482.93,873.0,8837.36,36243.93,1,1,CO,8986.41,2744745.41
2026-02-28,CO,86252.88,801.0,8769.95,33232.1,1,1,CO,8986.41,2744745.41
2026-03-01,CO,88138.58,876.0,8752.59,38354.48,1,1,CO,8986.41,2744745.41
2026-03-02,CO,90560.5,940.0,8781.49,37537.21,1,1,CO,8986.41,2744745.41
2026-03-03,CO,99594.22,976.0,8855.19,46530.48,1,1,CO,8986.41,2744745.41
2026-03-04,CO,100492.9,1040.0,8848.65,41970.74,1,1,CO,8986.41,2744745.41
2026-03-05,CO,96123.45,958.0,8925.89,38706.18,1,1,CO,8986.41,2744745.41
2026-03-06,CO,90403.51,862.0,8929.61,36555.85,1,1,CO,8986.41,2744745.41
2026-03-07,CO,86589.26,910.0,8841.59,35282.36,1,1,CO,8986.41,2744745.41
2026-03-08,CO,89126.68,881.0,8956.97,38552.71,1,1,CO,8986.41,2744745.41
2026-03-09,CO,94183.87,991.0,8991.59,42049.26,1,1,CO,8986.41,2744745.41
2026-03-10,CO,98736.61,990.0,9032.75,39070.37,1,1,CO,8986.41,2744745.41
2026-03-11,CO,94537.48,955.0,9001.82,39509.14,1,1,CO,8986.41,2744745.41
2026-03-12,CO,90151.38,962.0,9093.84,36149.64,1,1,CO,8986.41,2744745.41
2026-03-13,CO,83857.86,856.0,9199.14,34578.58,1,1,CO,8986.41,2744745.41
2026-03-14,CO,82929.92,837.0,9047.47,33367.98,1,1,CO,8986.41,2744745.41
2026-03-15,CO,83969.51,864.0,9237.58,35204.46,1,1,CO,8986.41,2744745.41
2026-03-16,CO,88263.03,855.0,9096.32,40075.79,1,1,CO,8986.41,2744745.41
2026-03-17,CO,95197.31,971.0,9238.38,38326.36,1,1,CO,8986.41,2744745.41
2026-03-18,CO,93095.37,1003.0,9182.13,40954.35,1,1,CO,8986.41,2744745.41
2026-03-19,CO,92696.35,950.0,9050.27,41831.4,1,1,CO,8986.41,2744745.41
2026-03-20,CO,92677.0,961.0,9100.87,38992.9,1,1,CO,8986.41,2744745.41
2026-03-21,CO,87144.76,801.0,8991.42,36238.96,1,1,CO,8986.41,2744745.41
2026-03-22,CO,86656.23,797.0,8994.02,37500.11,1,1,CO,8986.41,2744745.41
2026-03-23,CO,111313.6,1062.0,9011.2,47491.98,1,1,CO,8986.41,2744745.41
2026-03-24,CO,115103.79,1219.0,8989.05,44873.31,1,1,CO,8986.41,2744745.41
2026-03-25,CO,112564.01,1127.0,8832.68,46887.05,1,1,CO,8986.41,2744745.41
2026-03-26,CO,110611.13,1071.0,8906.59,48927.59,1,1,CO,8986.41,2744745.41
2026-03-27,CO,106750.75,1086.0,8837.6,45716.31,1,1,CO,8986.41,2744745.41
2026-03-28,CO,102268.34,1028.0,8888.46,44009.53,1,1,CO,8986.41,2744745.41
2026-03-29,CO,104429.79,990.0,8843.78,44064.96,1,1,CO,8986.41,2744745.41
2026-03-30,CO,94893.2,970.0,8886.21,38029.77,1,1,CO,8986.41,2744745.41
2026-03-31,CO,107093.76,1117.0,8830.74,45092.54,1,1,CO,8986.41,2744745.41
2026-04-01,CO,108127.86,1069.0,8902.06,48624.81,1,1,CO,8986.41,2744745.41
2026-04-02,CO,102657.61,1049.0,8937.08,41196.41,1,1,CO,8986.41,2744745.41
2026-04-03,CO,97081.44,943.0,8901.88,41098.0,1,1,CO,8986.41,2744745.41
2026-04-04,CO,91365.98,885.0,8964.94,38787.3,1,1,CO,8986.41,2744745.41
2026-04-05,CO,94713.03,929.0,8911.21,38203.69,1,1,CO,8986.41,2744745.41
2026-04-06,CO,99087.73,1030.0,9117.43,43785.94,1,1,CO,8986.41,2744745.41
2026-04-07,CO,104856.05,1088.0,9066.79,45334.72,1,1,CO,8986.41,2744745.41
2026-04-08,CO,103655.73,988.0,9091.63,42980.71,1,1,CO,8986.41,2744745.41
2026-04-09,CO,102107.83,1056.0,9047.35,43049.3,1,1,CO,8986.41,2744745.41
2026-04-10,CO,91588.02,875.0,9101.96,38407.79,1,1,CO,8986.41,2744745.41
2026-04-11,CO,88990.51,862.0,9146.57,38311.11,1,1,CO,8986.41,2744745.41
2026-04-12,CO,92951.02,900.0,9102.24,38083.51,1,1,CO,8986.41,2744745.41
2026-04-13,CO,94875.41,983.0,9291.12,38164.79,1,1,CO,8986.41,2744745.41
2026-04-14,CO,100595.76,922.0,9190.41,43291.44,1,1,CO,8986.41,2744745.41
2026-04-15,CO,101051.3,997.0,9165.76,42305.94,1,1,CO,8986.41,2744745.41
2026-04-16,CO,99483.27,1033.0,9092.93,42111.22,1,1,CO,8986.41,2744745.41
2026-04-17,CO,92411.71,961.0,9026.35,34570.06,1,1,CO,8986.41,2744745.41
2026-04-18,CO,87516.57,879.0,9125.73,37219.36,1,1,CO,8986.41,2744745.41
2026-04-19,CO,87597.46,931.0,9030.48,38010.35,1,1,CO,8986.41,2744745.41
2026-04-20,CO,90860.87,930.0,8941.05,40290.67,1,1,CO,8986.41,2744745.41
2026-04-21,CO,97760.19,1060.0,9001.45,41679.42,1,1,CO,8986.41,2744745.41
2026-04-22,CO,102533.13,1011.0,8829.77,39619.27,1,1,CO,8986.41,2744745.41
2026-04-23,CO,103408.11,1209.0,8901.35,42416.5,1,1,CO,8986.41,2744745.41
2026-04-24,CO,95362.29,975.0,8910.55,42200.67,1,1,CO,8986.41,2744745.41
2026-04-25,CO,90580.84,926.0,8894.44,36959.62,1,1,CO,8986.41,2744745.41
2026-04-26,CO,90048.09,880.0,8867.89,37700.8,1,1,CO,8986.41,2744745.41
2026-04-27,CO,96969.6,936.0,8927.55,39057.06,1,1,CO,8986.41,2744745.41
2026-04-28,CO,101240.12,981.0,8901.39,40034.88,1,1,CO,8986.41,2744745.41
2026-04-29,CO,102340.77,994.0,8973.37,42591.73,1,1,CO,8986.41,2744745.41
2026-04-30,CO,100097.28,1014.0,8956.95,39928.6,1,1,CO,8986.41,2744745.41
2026-05-01,CO,96231.42,973.0,8958.66,43077.63,1,1,CO,8986.41,2744745.41
2026-05-02,CO,96333.0,1043.0,9089.83,37879.94,1,1,CO,8986.41,2744745.41
2026-05-03,CO,95021.8,851.0,9024.84,40303.32,1,1,CO,8986.41,2744745.41
2026-05-04,CO,100399.94,959.0,8885.84,70740.09,1,1,CO,8986.41,2744745.41
2026-05-05,CO,107307.51,1048.0,9027.44,74049.15,1,1,CO,8986.41,2744745.41
2026-05-06,CO,110398.96,1090.0,9074.84,79454.84,1,1,CO,8986.41,2744745.41
2026-05-07,CO,104471.47,1086.0,9115.66,75726.1,1,1,CO,8986.41,2744745.41
2026-05-08,CO,103484.88,1074.0,9099.52,73839.82,1,1,CO,8986.41,2744745.41
2026-05-09,CO,96766.52,961.0,9120.33,64434.93,1,1,CO,8986.41,2744745.41
2026-05-10,CO,97140.48,924.0,9211.69,68188.52,1,1,CO,8986.41,2744745.41
2026-05-11,CO,105081.0,1019.0,9135.09,75873.11,1,1,CO,8986.41,2744745.41
2026-05-12,CO,109152.71,1090.0,9145.53,78164.58,1,1,CO,8986.41,2744745.41
2026-05-13,CO,107680.79,1166.0,8966.29,75044.02,1,1,CO,8986.41,2744745.41
2026-05-14,CO,105227.37,1087.0,9234.02,74074.8,1,1,CO,8986.41,2744745.41
2026-05-15,CO,95993.24,995.0,9145.25,67407.42,1,1,CO,8986.41,2744745.41
2026-05-16,CO,89577.95,934.0,9099.25,59861.37,1,1,CO,8986.41,2744745.41
2026-05-17,CO,95385.75,873.0,8996.73,67145.4,1,1,CO,8986.41,2744745.41
2026-05-18,CO,95763.44,939.0,8983.97,65965.95,1,1,CO,8986.41,2744745.41
2026-05-19,CO,97015.42,938.0,8946.59,66529.76,1,1,CO,8986.41,2744745.41
2026-05-20,CO,95771.73,942.0,8835.8,67089.9,1,1,CO,8986.41,2744745.41
2026-05-21,CO,96097.08,904.0,8884.17,66838.31,1,1,CO,8986.41,2744745.41
2026-05-22,CO,89939.59,957.0,8917.55,63174.91,1,1,CO,8986.41,2744745.41
2026-05-23,CO,83796.63,832.0,8879.13,61065.61,1,1,CO,8986.41,2744745.41
2026-05-24,CO,84643.23,859.0,8826.05,58991.87,1,1,CO,8986.41,2744745.41
2026-05-25,CO,92811.39,971.0,8857.27,64813.98,1,1,CO,8986.41,2744745.41
2026-05-26,CO,98290.33,949.0,8881.77,66500.75,1,1,CO,8986.41,2744745.41
2026-05-27,CO,99993.86,969.0,8801.84,68712.17,1,1,CO,8986.41,2744745.41
2026-05-28,CO,98827.26,956.0,8876.83,69427.02,1,1,CO,8986.41,2744745.41
2026-05-29,CO,93717.21,928.0,8871.81,64579.7,1,1,CO,8986.41,2744745.41
2026-05-30,CO,91365.38,915.0,8894.57,65214.65,1,1,CO,8986.41,2744745.41
2026-05-31,CO,98644.29,986.0,8904.75,69410.44,1,1,CO,8986.41,2744745.41
2026-01-12,FL,117150.64,1188.0,11499.19,48283.97,1,1,FL,11488.96,3540331.63
2026-01-13,FL,125630.21,1191.0,11482.15,52894.0,1,1,FL,11488.96,3540331.63
2026-01-14,FL,128212.22,1250.0,11641.0,55761.19,1,1,FL,11488.96,3540331.63
2026-01-15,FL,122867.54,1314.0,11705.51,53917.31,1,1,FL,11488.96,3540331.63
2026-01-16,FL,116628.63,1145.0,11638.77,47816.2,1,1,FL,11488.96,3540331.63
2026-01-17,FL,112505.27,1129.0,11574.48,45635.28,1,1,FL,11488.96,3540331.63
2026-01-18,FL,116041.87,1151.0,11576.67,46929.56,1,1,FL,11488.96,3540331.63
2026-01-19,FL,120404.71,1178.0,11742.06,50061.47,1,1,FL,11488.96,3540331.63
2026-01-20,FL,123233.2,1191.0,11728.47,51551.39,1,1,FL,11488.96,3540331.63
2026-01-21,FL,127093.56,1257.0,11600.89,55494.25,1,1,FL,11488.96,3540331.63
2026-01-22,FL,122205.44,1185.0,11734.62,50834.62,1,1,FL,11488.96,3540331.63
2026-01-23,FL,120159.27,1240.0,11649.71,46324.22,1,1,FL,11488.96,3540331.63
2026-01-24,FL,114974.45,1079.0,11489.08,49808.16,1,1,FL,11488.96,3540331.63
2026-01-25,FL,112769.58,1119.0,11498.37,46151.76,1,1,FL,11488.96,3540331.63
2026-01-26,FL,115908.83,1210.0,11536.23,46416.77,1,1,FL,11488.96,3540331.63
2026-01-27,FL,124151.48,1175.0,11497.43,51303.37,1,1,FL,11488.96,3540331.63
2026-01-28,FL,124922.4,1263.0,11508.45,54076.95,1,1,FL,11488.96,3540331.63
2026-01-29,FL,119916.22,1165.0,11324.76,45956.66,1,1,FL,11488.96,3540331.63
2026-01-30,FL,110737.3,1075.0,11229.76,46597.94,1,1,FL,11488.96,3540331.63
2026-01-31,FL,110880.69,1113.0,11340.56,45995.19,1,1,FL,11488.96,3540331.63
2026-02-01,FL,106338.02,1079.0,11223.92,46019.96,1,1,FL,11488.96,3540331.63
2026-02-02,FL,110127.53,1168.0,11420.01,48426.66,1,1,FL,11488.96,3540331.63
2026-02-03,FL,119488.91,1155.0,11437.49,52125.42,1,1,FL,11488.96,3540331.63
2026-02-04,FL,120556.11,1197.0,11247.62,52045.44,1,1,FL,11488.96,3540331.63
2026-02-05,FL,117230.78,1189.0,11357.71,47479.2,1,1,FL,11488.96,3540331.63
2026-02-06,FL,111828.07,1144.0,11334.68,47763.9,1,1,FL,11488.96,3540331.63
2026-02-07,FL,103274.57,974.0,11332.68,44929.51,1,1,FL,11488.96,3540331.63
2026-02-08,FL,98890.16,1000.0,11521.83,41722.11,1,1,FL,11488.96,3540331.63
2026-02-09,FL,109581.44,1104.0,11439.42,46726.81,1,1,FL,11488.96,3540331.63
2026-02-10,FL,121333.39,1162.0,11516.26,50034.26,1,1,FL,11488.96,3540331.63
2026-02-11,FL,121629.98,1223.0,11650.56,53791.72,1,1,FL,11488.96,3540331.63
2026-02-12,FL,115044.92,1143.0,11672.48,45006.4,1,1,FL,11488.96,3540331.63
2026-02-13,FL,111585.43,1125.0,11737.14,46618.85,1,1,FL,11488.96,3540331.63
2026-02-14,FL,105911.32,1017.0,11769.21,46432.19,1,1,FL,11488.96,3540331.63
2026-02-15,FL,107210.71,1100.0,11760.91,45743.46,1,1,FL,11488.96,3540331.63
2026-02-16,FL,115756.56,1206.0,11681.39,45538.85,1,1,FL,11488.96,3540331.63
2026-02-17,FL,128872.99,1201.0,11618.87,53678.71,1,1,FL,11488.96,3540331.63
2026-02-18,FL,132168.03,1399.0,11666.44,55321.67,1,1,FL,11488.96,3540331.63
2026-02-19,FL,129543.23,1322.0,11652.76,55544.85,1,1,FL,11488.96,3540331.63
2026-02-20,FL,114767.06,1112.0,11649.61,46279.76,1,1,FL,11488.96,3540331.63
2026-02-21,FL,111271.05,1077.0,11543.19,48298.87,1,1,FL,11488.96,3540331.63
2026-02-22,FL,117280.66,1149.0,11580.51,50345.49,1,1,FL,11488.96,3540331.63
2026-02-23,FL,119938.97,1177.0,11471.41,55191.99,1,1,FL,11488.96,3540331.63
2026-02-24,FL,124555.14,1274.0,11596.7,49861.15,1,1,FL,11488.96,3540331.63
2026-02-25,FL,129030.45,1327.0,11404.65,56777.14,1,1,FL,11488.96,3540331.63
2026-02-26,FL,124218.4,1294.0,11262.23,52420.3,1,1,FL,11488.96,3540331.63
2026-02-27,FL,114796.55,1221.0,11217.07,49964.71,1,1,FL,11488.96,3540331.63
2026-02-28,FL,112684.56,1254.0,11264.67,46341.34,1,1,FL,11488.96,3540331.63
2026-03-01,FL,117746.71,1188.0,11386.24,53651.22,1,1,FL,11488.96,3540331.63
2026-03-02,FL,124285.07,1195.0,11384.31,53824.57,1,1,FL,11488.96,3540331.63
2026-03-03,FL,134655.15,1313.0,11416.38,56071.57,1,1,FL,11488.96,3540331.63
2026-03-04,FL,133932.17,1437.0,11357.67,53262.25,1,1,FL,11488.96,3540331.63
2026-03-05,FL,125599.65,1192.0,11408.65,49378.06,1,1,FL,11488.96,3540331.63
2026-03-06,FL,113401.42,1217.0,11336.32,45902.18,1,1,FL,11488.96,3540331.63
2026-03-07,FL,110703.57,1102.0,11418.25,46732.27,1,1,FL,11488.96,3540331.63
2026-03-08,FL,108755.22,1099.0,11406.6,43799.2,1,1,FL,11488.96,3540331.63
2026-03-09,FL,114056.5,1130.0,11563.22,47649.78,1,1,FL,11488.96,3540331.63
2026-03-10,FL,123881.93,1235.0,11540.12,53459.31,1,1,FL,11488.96,3540331.63
2026-03-11,FL,124461.09,1148.0,11499.62,55043.47,1,1,FL,11488.96,3540331.63
2026-03-12,FL,117914.0,1131.0,11490.11,50160.95,1,1,FL,11488.96,3540331.63
2026-03-13,FL,114868.85,1209.0,11713.17,49071.23,1,1,FL,11488.96,3540331.63
2026-03-14,FL,114239.22,1119.0,11694.17,46191.54,1,1,FL,11488.96,3540331.63
2026-03-15,FL,113148.57,1164.0,11662.34,48824.66,1,1,FL,11488.96,3540331.63
2026-03-16,FL,121247.22,1317.0,11731.12,51754.19,1,1,FL,11488.96,3540331.63
2026-03-17,FL,123139.19,1302.0,11486.1,51377.18,1,1,FL,11488.96,3540331.63
2026-03-18,FL,121129.4,1188.0,11558.52,49970.25,1,1,FL,11488.96,3540331.63
2026-03-19,FL,121279.62,1209.0,11787.63,51947.59,1,1,FL,11488.96,3540331.63
2026-03-20,FL,121681.31,1115.0,11585.66,48304.54,1,1,FL,11488.96,3540331.63
2026-03-21,FL,112658.14,1201.0,11469.18,46719.02,1,1,FL,11488.96,3540331.63
2026-03-22,FL,112945.32,1142.0,11442.57,46558.69,1,1,FL,11488.96,3540331.63
2026-03-23,FL,137294.53,1316.0,11475.79,54444.95,1,1,FL,11488.96,3540331.63
2026-03-24,FL,143845.46,1482.0,11477.74,61202.05,1,1,FL,11488.96,3540331.63
2026-03-25,FL,147758.51,1522.0,11412.52,61989.27,1,1,FL,11488.96,3540331.63
2026-03-26,FL,145617.62,1358.0,11431.3,57952.55,1,1,FL,11488.96,3540331.63
2026-03-27,FL,140269.85,1359.0,11391.72,61313.66,1,1,FL,11488.96,3540331.63
2026-03-28,FL,136013.5,1345.0,11246.52,56378.33,1,1,FL,11488.96,3540331.63
2026-03-29,FL,139899.24,1313.0,11369.18,58263.77,1,1,FL,11488.96,3540331.63
2026-03-30,FL,130036.32,1339.0,11279.19,50932.36,1,1,FL,11488.96,3540331.63
2026-03-31,FL,137779.71,1411.0,11335.16,54163.41,1,1,FL,11488.96,3540331.63
2026-04-01,FL,134721.73,1267.0,11173.44,54936.38,1,1,FL,11488.96,3540331.63
2026-04-02,FL,127912.42,1242.0,11391.3,53705.48,1,1,FL,11488.96,3540331.63
2026-04-03,FL,120484.71,1184.0,11475.69,48078.2,1,1,FL,11488.96,3540331.63
2026-04-04,FL,116773.24,1170.0,11573.98,51709.75,1,1,FL,11488.96,3540331.63
2026-04-05,FL,115965.2,1222.0,11340.66,47292.8,1,1,FL,11488.96,3540331.63
2026-04-06,FL,118125.08,1161.0,11488.25,47319.3,1,1,FL,11488.96,3540331.63
2026-04-07,FL,121659.99,1164.0,11517.74,51405.3,1,1,FL,11488.96,3540331.63
2026-04-08,FL,128681.27,1328.0,11633.96,52089.39,1,1,FL,11488.96,3540331.63
2026-04-09,FL,123560.57,1271.0,11633.84,51771.39,1,1,FL,11488.96,3540331.63
2026-04-10,FL,116442.09,1179.0,11745.75,49403.1,1,1,FL,11488.96,3540331.63
2026-04-11,FL,114997.67,1181.0,11675.61,48446.92,1,1,FL,11488.96,3540331.63
2026-04-12,FL,113724.12,1127.0,11726.64,51076.7,1,1,FL,11488.96,3540331.63
2026-04-13,FL,119400.04,1169.0,11647.03,50605.76,1,1,FL,11488.96,3540331.63
2026-04-14,FL,133204.92,1249.0,11682.91,56851.64,1,1,FL,11488.96,3540331.63
2026-04-15,FL,129917.82,1176.0,11535.85,51462.13,1,1,FL,11488.96,3540331.63
2026-04-16,FL,128556.8,1242.0,11664.17,53832.73,1,1,FL,11488.96,3540331.63
2026-04-17,FL,121630.27,1224.0,11661.48,48600.2,1,1,FL,11488.96,3540331.63
2026-04-18,FL,116786.45,1172.0,11731.14,52505.93,1,1,FL,11488.96,3540331.63
2026-04-19,FL,112418.91,1107.0,11629.95,51180.09,1,1,FL,11488.96,3540331.63
2026-04-20,FL,119056.88,1170.0,11654.72,48889.49,1,1,FL,11488.96,3540331.63
2026-04-21,FL,124293.97,1154.0,11516.68,47421.0,1,1,FL,11488.96,3540331.63
2026-04-22,FL,125597.53,1251.0,11440.02,48778.08,1,1,FL,11488.96,3540331.63
2026-04-23,FL,122463.05,1138.0,11271.54,47700.02,1,1,FL,11488.96,3540331.63
2026-04-24,FL,114297.37,1153.0,11264.91,49026.32,1,1,FL,11488.96,3540331.63
2026-04-25,FL,115254.79,1201.0,11316.51,50583.78,1,1,FL,11488.96,3540331.63
2026-04-26,FL,118053.06,1177.0,11310.89,48198.19,1,1,FL,11488.96,3540331.63
2026-04-27,FL,123878.14,1253.0,11470.52,54743.66,1,1,FL,11488.96,3540331.63
2026-04-28,FL,126708.42,1270.0,11295.47,52695.37,1,1,FL,11488.96,3540331.63
2026-04-29,FL,128281.36,1208.0,11214.29,55420.32,1,1,FL,11488.96,3540331.63
2026-04-30,FL,127039.21,1337.0,11410.5,51475.16,1,1,FL,11488.96,3540331.63
2026-05-01,FL,124941.53,1258.0,11394.48,53193.46,1,1,FL,11488.96,3540331.63
2026-05-02,FL,118975.1,1200.0,11410.58,49600.15,1,1,FL,11488.96,3540331.63
2026-05-03,FL,119448.45,1216.0,11484.95,50137.65,1,1,FL,11488.96,3540331.63
2026-05-04,FL,125766.34,1250.0,11475.27,50051.93,1,1,FL,11488.96,3540331.63
2026-05-05,FL,130789.19,1334.0,11427.33,61154.06,1,1,FL,11488.96,3540331.63
2026-05-06,FL,131047.53,1293.0,11602.5,51722.94,1,1,FL,11488.96,3540331.63
2026-05-07,FL,130173.84,1298.0,11734.5,56016.23,1,1,FL,11488.96,3540331.63
2026-05-08,FL,124878.84,1327.0,11558.57,50415.39,1,1,FL,11488.96,3540331.63
2026-05-09,FL,117061.31,1105.0,11753.46,48675.04,1,1,FL,11488.96,3540331.63
2026-05-10,FL,120901.28,1220.0,11721.74,53070.27,1,1,FL,11488.96,3540331.63
2026-05-11,FL,130204.36,1263.0,11725.36,55258.07,1,1,FL,11488.96,3540331.63
2026-05-12,FL,135151.39,1352.0,11607.63,54849.62,1,1,FL,11488.96,3540331.63
2026-05-13,FL,134086.95,1382.0,11597.96,52292.48,1,1,FL,11488.96,3540331.63
2026-05-14,FL,127722.77,1289.0,11554.0,51575.11,1,1,FL,11488.96,3540331.63
2026-05-15,FL,122186.04,1194.0,11642.39,51500.05,1,1,FL,11488.96,3540331.63
2026-05-16,FL,118210.54,1149.0,11550.9,50718.5,1,1,FL,11488.96,3540331.63
2026-05-17,FL,120282.06,1236.0,11593.13,54474.48,1,1,FL,11488.96,3540331.63
2026-05-18,FL,123453.63,1223.0,11327.64,51908.91,1,1,FL,11488.96,3540331.63
2026-05-19,FL,129122.01,1262.0,11389.77,57662.41,1,1,FL,11488.96,3540331.63
2026-05-20,FL,126488.54,1257.0,11482.76,47601.85,1,1,FL,11488.96,3540331.63
2026-05-21,FL,120934.33,1152.0,11509.85,47144.38,1,1,FL,11488.96,3540331.63
2026-05-22,FL,114369.1,1089.0,11385.82,47044.23,1,1,FL,11488.96,3540331.63
2026-05-23,FL,113779.46,1162.0,11201.02,47373.1,1,1,FL,11488.96,3540331.63
2026-05-24,FL,115961.78,1150.0,11343.19,50777.55,1,1,FL,11488.96,3540331.63
2026-05-25,FL,127492.7,1208.0,11371.07,52042.76,1,1,FL,11488.96,3540331.63
2026-05-26,FL,139749.2,1373.0,11291.84,62458.38,1,1,FL,11488.96,3540331.63
2026-05-27,FL,138611.28,1420.0,11441.47,58648.21,1,1,FL,11488.96,3540331.63
2026-05-28,FL,136670.82,1432.0,11435.46,58168.61,1,1,FL,11488.96,3540331.63
2026-05-29,FL,130224.65,1395.0,11257.62,52597.61,1,1,FL,11488.96,3540331.63
2026-05-30,FL,126570.02,1253.0,11441.76,50967.97,1,1,FL,11488.96,3540331.63
2026-05-31,FL,128441.67,1225.0,11266.97,52420.81,1,1,FL,11488.96,3540331.63
2026-01-12,GA,80477.19,813.0,7928.14,34700.79,1,1,GA,7984.3,2395848.87
2026-01-13,GA,84043.24,811.0,8091.55,36084.16,1,1,GA,7984.3,2395848.87
2026-01-14,GA,86394.93,855.0,8098.23,34486.54,1,1,GA,7984.3,2395848.87
2026-01-15,GA,86017.26,839.0,8056.29,36197.08,1,1,GA,7984.3,2395848.87
2026-01-16,GA,81347.61,818.0,8033.88,32357.37,1,1,GA,7984.3,2395848.87
2026-01-17,GA,74698.73,762.0,8151.61,29631.79,1,1,GA,7984.3,2395848.87
2026-01-18,GA,76700.61,810.0,8105.95,34038.56,1,1,GA,7984.3,2395848.87
2026-01-19,GA,82511.71,782.0,7980.08,34389.28,1,1,GA,7984.3,2395848.87
2026-01-20,GA,83133.73,813.0,8144.51,35753.41,1,1,GA,7984.3,2395848.87
2026-01-21,GA,91249.18,955.0,8070.12,37935.26,1,1,GA,7984.3,2395848.87
2026-01-22,GA,89811.64,897.0,8142.92,37891.45,1,1,GA,7984.3,2395848.87
2026-01-23,GA,83340.29,820.0,8067.32,34600.21,1,1,GA,7984.3,2395848.87
2026-01-24,GA,77122.36,738.0,8040.35,30785.08,1,1,GA,7984.3,2395848.87
2026-01-25,GA,75939.04,755.0,8175.93,32601.74,1,1,GA,7984.3,2395848.87
2026-01-26,GA,79476.93,802.0,8010.81,33012.35,1,1,GA,7984.3,2395848.87
2026-01-27,GA,83342.28,792.0,7955.09,33760.96,1,1,GA,7984.3,2395848.87
2026-01-28,GA,85171.37,807.0,7991.79,34968.13,1,1,GA,7984.3,2395848.87
2026-01-29,GA,79487.73,751.0,7937.67,33409.55,1,1,GA,7984.3,2395848.87
2026-01-30,GA,73852.2,684.0,7837.13,30573.09,1,1,GA,7984.3,2395848.87
2026-01-31,GA,73068.23,722.0,7877.29,30033.68,1,1,GA,7984.3,2395848.87
2026-02-01,GA,77310.49,800.0,7868.75,33504.34,1,1,GA,7984.3,2395848.87
2026-02-02,GA,,826.0,7960.78,35017.93,1,1,GA,7984.3,2395848.87
2026-02-03,GA,86063.28,881.0,7985.19,36492.31,1,1,GA,7984.3,2395848.87
2026-02-04,GA,85281.19,851.0,7843.94,34363.98,1,1,GA,7984.3,2395848.87
2026-02-05,GA,,818.0,8013.0,33651.64,1,1,GA,7984.3,2395848.87
2026-02-06,GA,79494.75,783.0,7877.1,33584.61,1,1,GA,7984.3,2395848.87
2026-02-07,GA,75582.26,789.0,7867.56,31838.27,1,1,GA,7984.3,2395848.87
2026-02-08,GA,75101.86,768.0,8043.06,29726.27,1,1,GA,7984.3,2395848.87
2026-02-09,GA,,781.0,8024.55,32423.11,1,1,GA,7984.3,2395848.87
2026-02-10,GA,83507.45,770.0,8101.01,32764.52,1,1,GA,7984.3,2395848.87
2026-02-11,GA,82409.32,842.0,8167.25,36071.29,1,1,GA,7984.3,2395848.87
2026-02-12,GA,,814.0,7981.99,34677.8,1,1,GA,7984.3,2395848.87
2026-02-13,GA,79715.29,801.0,8187.28,34124.58,1,1,GA,7984.3,2395848.87
2026-02-14,GA,78076.14,780.0,8228.0,33480.92,1,1,GA,7984.3,2395848.87
2026-02-15,GA,79088.44,784.0,8118.33,33379.94,1,1,GA,7984.3,2395848.87
2026-02-16,GA,,867.0,8081.57,36236.37,1,1,GA,7984.3,2395848.87
2026-02-17,GA,88541.32,838.0,8166.58,36769.3,1,1,GA,7984.3,2395848.87
2026-02-18,GA,91923.13,996.0,8073.13,38349.9,1,1,GA,7984.3,2395848.87
2026-02-19,GA,,895.0,8124.23,37841.3,1,1,GA,7984.3,2395848.87
2026-02-20,GA,81389.37,809.0,8144.74,32572.24,1,1,GA,7984.3,2395848.87
2026-02-21,GA,81584.04,808.0,8063.5,37186.66,1,1,GA,7984.3,2395848.87
2026-02-22,GA,83188.84,881.0,8047.59,34249.9,1,1,GA,7984.3,2395848.87
2026-02-23,GA,,845.0,8036.05,34438.29,1,1,GA,7984.3,2395848.87
2026-02-24,GA,87448.12,907.0,7877.05,35596.92,1,1,GA,7984.3,2395848.87
2026-02-25,GA,89173.43,854.0,7928.62,39110.19,1,1,GA,7984.3,2395848.87
2026-02-26,GA,,842.0,7913.12,36646.56,1,1,GA,7984.3,2395848.87
2026-02-27,GA,83250.69,828.0,8024.94,31041.03,1,1,GA,7984.3,2395848.87
2026-02-28,GA,78078.59,755.0,7902.35,33070.74,1,1,GA,7984.3,2395848.87
2026-03-01,GA,84188.82,846.0,7932.41,33615.72,1,1,GA,7984.3,2395848.87
2026-03-02,GA,88541.76,877.0,7859.12,37802.53,1,1,GA,7984.3,2395848.87
2026-03-03,GA,92971.49,928.0,7865.2,38508.62,1,1,GA,7984.3,2395848.87
2026-03-04,GA,91912.64,941.0,7830.7,35578.68,1,1,GA,7984.3,2395848.87
2026-03-05,GA,88418.72,949.0,7887.16,39299.36,1,1,GA,7984.3,2395848.87
2026-03-06,GA,78899.6,774.0,7909.42,33313.03,1,1,GA,7984.3,2395848.87
2026-03-07,GA,77168.59,825.0,7986.14,32988.55,1,1,GA,7984.3,2395848.87
2026-03-08,GA,76423.9,712.0,8023.36,32486.36,1,1,GA,7984.3,2395848.87
2026-03-09,GA,81440.97,850.0,8045.2,35898.35,1,1,GA,7984.3,2395848.87
2026-03-10,GA,85520.78,886.0,8069.44,34339.85,1,1,GA,7984.3,2395848.87
2026-03-11,GA,89412.29,899.0,8064.74,35185.19,1,1,GA,7984.3,2395848.87
2026-03-12,GA,83835.49,812.0,8107.43,33632.35,1,1,GA,7984.3,2395848.87
2026-03-13,GA,79133.35,790.0,8070.83,33026.98,1,1,GA,7984.3,2395848.87
2026-03-14,GA,76853.5,726.0,8091.21,32025.4,1,1,GA,7984.3,2395848.87
2026-03-15,GA,77531.9,832.0,8128.39,34414.49,1,1,GA,7984.3,2395848.87
2026-03-16,GA,81785.6,832.0,8102.54,32733.93,1,1,GA,7984.3,2395848.87
2026-03-17,GA,84762.09,876.0,8135.26,34008.41,1,1,GA,7984.3,2395848.87
2026-03-18,GA,82706.13,826.0,8126.34,34837.38,1,1,GA,7984.3,2395848.87
2026-03-19,GA,80243.95,809.0,8118.49,31154.78,1,1,GA,7984.3,2395848.87
2026-03-20,GA,77667.31,776.0,8113.79,32285.03,1,1,GA,7984.3,2395848.87
2026-03-21,GA,74492.21,696.0,8118.3,32540.91,1,1,GA,7984.3,2395848.87
2026-03-22,GA,76151.97,815.0,8011.16,32337.82,1,1,GA,7984.3,2395848.87
2026-03-23,GA,98449.38,980.0,7986.49,43047.88,1,1,GA,7984.3,2395848.87
2026-03-24,GA,103203.28,982.0,7960.92,46494.47,1,1,GA,7984.3,2395848.87
2026-03-25,GA,106450.97,1101.0,7874.31,46444.77,1,1,GA,7984.3,2395848.87
2026-03-26,GA,103909.68,1024.0,7991.39,40541.31,1,1,GA,7984.3,2395848.87
2026-03-27,GA,101012.61,1061.0,7823.95,43633.6,1,1,GA,7984.3,2395848.87
2026-03-28,GA,98066.19,920.0,7825.51,39947.19,1,1,GA,7984.3,2395848.87
2026-03-29,GA,97145.85,1009.0,7873.03,42103.73,1,1,GA,7984.3,2395848.87
2026-03-30,GA,91274.97,913.0,7839.45,36404.23,1,1,GA,7984.3,2395848.87
2026-03-31,GA,96221.0,985.0,7928.44,40706.58,1,1,GA,7984.3,2395848.87
2026-04-01,GA,97611.19,972.0,7938.35,43479.57,1,1,GA,7984.3,2395848.87
2026-04-02,GA,92292.62,958.0,7996.44,42394.4,1,1,GA,7984.3,2395848.87
2026-04-03,GA,88532.56,916.0,7933.32,37459.78,1,1,GA,7984.3,2395848.87
2026-04-04,GA,82768.92,808.0,7917.46,37212.72,1,1,GA,7984.3,2395848.87
2026-04-05,GA,80922.63,855.0,7963.14,34300.36,1,1,GA,7984.3,2395848.87
2026-04-06,GA,83038.16,853.0,7951.68,33621.45,1,1,GA,7984.3,2395848.87
2026-04-07,GA,86156.81,903.0,7995.13,36995.32,1,1,GA,7984.3,2395848.87
2026-04-08,GA,86132.48,807.0,8089.4,35632.04,1,1,GA,7984.3,2395848.87
2026-04-09,GA,84525.72,823.0,8008.52,39632.17,1,1,GA,7984.3,2395848.87
2026-04-10,GA,79305.29,815.0,8006.84,35358.24,1,1,GA,7984.3,2395848.87
2026-04-11,GA,81210.75,877.0,8101.24,32466.88,1,1,GA,7984.3,2395848.87
2026-04-12,GA,80316.44,788.0,7977.31,34274.12,1,1,GA,7984.3,2395848.87
2026-04-13,GA,,,8168.08,34044.47,0,1,GA,7984.3,2395848.87
2026-04-14,GA,,,8073.46,36695.38,0,1,GA,7984.3,2395848.87
2026-04-15,GA,,,8088.84,37179.42,0,1,GA,7984.3,2395848.87
2026-04-16,GA,,,8048.86,36287.36,0,1,GA,7984.3,2395848.87
2026-04-17,GA,81095.33,816.0,8030.12,31329.62,1,1,GA,7984.3,2395848.87
2026-04-18,GA,79516.27,782.0,8012.91,33932.43,1,1,GA,7984.3,2395848.87
2026-04-19,GA,81672.54,790.0,8090.77,33979.97,1,1,GA,7984.3,2395848.87
2026-04-20,GA,82008.51,850.0,7973.35,34103.22,1,1,GA,7984.3,2395848.87
2026-04-21,GA,85912.8,897.0,7937.42,33979.73,1,1,GA,7984.3,2395848.87
2026-04-22,GA,88718.41,855.0,7969.1,35384.18,1,1,GA,7984.3,2395848.87
2026-04-23,GA,86569.72,907.0,7961.91,35766.05,1,1,GA,7984.3,2395848.87
2026-04-24,GA,83619.66,841.0,7855.78,33781.68,1,1,GA,7984.3,2395848.87
2026-04-25,GA,77357.4,790.0,7980.61,30274.71,1,1,GA,7984.3,2395848.87
2026-04-26,GA,75675.6,739.0,7994.84,29109.27,1,1,GA,7984.3,2395848.87
2026-04-27,GA,84366.05,878.0,7871.33,33734.46,1,1,GA,7984.3,2395848.87
2026-04-28,GA,88343.97,904.0,7919.87,36659.26,1,1,GA,7984.3,2395848.87
2026-04-29,GA,89949.96,873.0,7940.25,38313.84,1,1,GA,7984.3,2395848.87
2026-04-30,GA,87662.11,868.0,7943.98,37508.19,1,1,GA,7984.3,2395848.87
2026-05-01,GA,83699.21,849.0,7907.16,37242.32,1,1,GA,7984.3,2395848.87
2026-05-02,GA,80941.6,833.0,7885.89,34337.93,1,1,GA,7984.3,2395848.87
2026-05-03,GA,81693.06,780.0,8006.85,34333.45,1,1,GA,7984.3,2395848.87
2026-05-04,GA,89802.41,936.0,8007.37,40785.52,1,1,GA,7984.3,2395848.87
2026-05-05,GA,90838.8,902.0,7962.5,40527.42,1,1,GA,7984.3,2395848.87
2026-05-06,GA,92453.76,906.0,8029.96,41526.0,1,1,GA,7984.3,2395848.87
2026-05-07,GA,86440.46,844.0,8180.31,40541.34,1,1,GA,7984.3,2395848.87
2026-05-08,GA,84621.4,884.0,8051.51,34574.14,1,1,GA,7984.3,2395848.87
2026-05-09,GA,82074.68,808.0,8121.41,36972.97,1,1,GA,7984.3,2395848.87
2026-05-10,GA,83785.75,818.0,8177.28,32202.17,1,1,GA,7984.3,2395848.87
2026-05-11,GA,89430.88,870.0,8102.46,33562.72,1,1,GA,7984.3,2395848.87
2026-05-12,GA,91745.5,945.0,8079.69,36367.07,1,1,GA,7984.3,2395848.87
2026-05-13,GA,90064.56,863.0,8012.95,38756.74,1,1,GA,7984.3,2395848.87
2026-05-14,GA,88912.62,853.0,8101.37,36219.19,1,1,GA,7984.3,2395848.87
2026-05-15,GA,86010.85,874.0,8101.21,35488.55,1,1,GA,7984.3,2395848.87
2026-05-16,GA,80004.77,794.0,8079.52,32559.21,1,1,GA,7984.3,2395848.87
2026-05-17,GA,79562.84,837.0,8050.33,33765.99,1,1,GA,7984.3,2395848.87
2026-05-18,GA,85460.86,854.0,7873.76,35305.14,1,1,GA,7984.3,2395848.87
2026-05-19,GA,85576.66,861.0,8011.56,35072.99,1,1,GA,7984.3,2395848.87
2026-05-20,GA,86036.72,912.0,7839.3,39185.06,1,1,GA,7984.3,2395848.87
2026-05-21,GA,83876.33,867.0,7949.39,35287.9,1,1,GA,7984.3,2395848.87
2026-05-22,GA,78518.27,783.0,7924.67,33585.07,1,1,GA,7984.3,2395848.87
2026-05-23,GA,76452.91,763.0,7875.25,28871.16,1,1,GA,7984.3,2395848.87
2026-05-24,GA,81118.82,868.0,7843.15,35109.64,1,1,GA,7984.3,2395848.87
2026-05-25,GA,87246.19,930.0,7808.86,34116.13,1,1,GA,7984.3,2395848.87
2026-05-26,GA,90740.03,889.0,7898.09,38312.65,1,1,GA,7984.3,2395848.87
2026-05-27,GA,91204.08,907.0,7900.64,35736.7,1,1,GA,7984.3,2395848.87
2026-05-28,GA,87141.68,831.0,7843.05,36411.76,1,1,GA,7984.3,2395848.87
2026-05-29,GA,84883.37,822.0,7912.61,32006.25,1,1,GA,7984.3,2395848.87
2026-05-30,GA,77942.9,802.0,7828.94,32420.01,1,1,GA,7984.3,2395848.87
2026-05-31,GA,83900.77,841.0,7993.18,34909.32,1,1,GA,7984.3,2395848.87
2026-01-12,IN,75608.89,743.0,7475.16,31794.19,1,1,IN,7513.66,2281337.99
2026-01-13,IN,80777.25,829.0,7554.37,32399.4,1,1,IN,7513.66,2281337.99
2026-01-14,IN,81660.78,849.0,7560.25,33852.78,1,1,IN,7513.66,2281337.99
2026-01-15,IN,77380.52,726.0,7650.08,33117.5,1,1,IN,7513.66,2281337.99
2026-01-16,IN,72306.51,731.0,7543.25,31722.08,1,1,IN,7513.66,2281337.99
2026-01-17,IN,69360.98,685.0,7632.88,26539.44,1,1,IN,7513.66,2281337.99
2026-01-18,IN,71553.24,710.0,7602.34,29647.6,1,1,IN,7513.66,2281337.99
2026-01-19,IN,76961.97,774.0,7582.96,32631.55,1,1,IN,7513.66,2281337.99
2026-01-20,IN,79203.32,754.0,7647.14,35006.0,1,1,IN,7513.66,2281337.99
2026-01-21,IN,82070.3,832.0,7646.06,35515.26,1,1,IN,7513.66,2281337.99
2026-01-22,IN,83202.52,744.0,7640.83,33834.73,1,1,IN,7513.66,2281337.99
2026-01-23,IN,77822.59,766.0,7489.78,34643.89,1,1,IN,7513.66,2281337.99
2026-01-24,IN,73265.53,702.0,7553.68,31924.01,1,1,IN,7513.66,2281337.99
2026-01-25,IN,73948.55,740.0,7521.3,31500.26,1,1,IN,7513.66,2281337.99
2026-01-26,IN,74612.42,774.0,7472.19,31197.58,1,1,IN,7513.66,2281337.99
2026-01-27,IN,79881.29,802.0,7433.69,30703.21,1,1,IN,7513.66,2281337.99
2026-01-28,IN,80422.6,807.0,7457.93,31598.37,1,1,IN,7513.66,2281337.99
2026-01-29,IN,79551.01,754.0,7549.57,34284.43,1,1,IN,7513.66,2281337.99
2026-01-30,IN,76444.49,788.0,7407.79,32764.13,1,1,IN,7513.66,2281337.99
2026-01-31,IN,70961.25,705.0,7359.18,30310.1,1,1,IN,7513.66,2281337.99
2026-02-01,IN,72012.76,716.0,7422.74,31572.37,1,1,IN,7513.66,2281337.99
2026-02-02,IN,74622.71,757.0,7331.38,32869.26,1,1,IN,7513.66,2281337.99
2026-02-03,IN,77234.15,796.0,7467.85,30925.97,1,1,IN,7513.66,2281337.99
2026-02-04,IN,78151.55,815.0,7386.94,34229.66,1,1,IN,7513.66,2281337.99
2026-02-05,IN,76093.85,765.0,7422.59,32732.26,1,1,IN,7513.66,2281337.99
2026-02-06,IN,68661.46,673.0,7495.87,29549.45,1,1,IN,7513.66,2281337.99
2026-02-07,IN,66821.93,684.0,7408.62,30291.82,1,1,IN,7513.66,2281337.99
2026-02-08,IN,68237.16,674.0,7396.85,29102.5,1,1,IN,7513.66,2281337.99
2026-02-09,IN,75088.83,727.0,7487.43,33906.54,1,1,IN,7513.66,2281337.99
2026-02-10,IN,78202.29,779.0,7553.74,32906.94,1,1,IN,7513.66,2281337.99
2026-02-11,IN,78570.7,832.0,7535.39,30643.61,1,1,IN,7513.66,2281337.99
2026-02-12,IN,76473.05,696.0,7556.15,31391.93,1,1,IN,7513.66,2281337.99
2026-02-13,IN,72284.55,765.0,7632.37,33313.46,1,1,IN,7513.66,2281337.99
2026-02-14,IN,70959.45,754.0,7697.66,28672.7,1,1,IN,7513.66,2281337.99
2026-02-15,IN,70435.78,736.0,7529.44,29462.67,1,1,IN,7513.66,2281337.99
2026-02-16,IN,74677.92,736.0,7521.73,29694.38,1,1,IN,7513.66,2281337.99
2026-02-17,IN,79622.22,770.0,7602.68,33915.65,1,1,IN,7513.66,2281337.99
2026-02-18,IN,80570.55,817.0,7559.98,35986.32,1,1,IN,7513.66,2281337.99
2026-02-19,IN,76430.75,748.0,7547.64,34608.24,1,1,IN,7513.66,2281337.99
2026-02-20,IN,72558.76,764.0,7490.89,29717.01,1,1,IN,7513.66,2281337.99
2026-02-21,IN,73290.89,787.0,7518.01,31095.4,1,1,IN,7513.66,2281337.99
2026-02-22,IN,77650.83,776.0,7473.45,31753.96,1,1,IN,7513.66,2281337.99
2026-02-23,IN,79511.52,771.0,7408.07,32762.15,1,1,IN,7513.66,2281337.99
2026-02-24,IN,84356.06,860.0,7529.56,33434.29,1,1,IN,7513.66,2281337.99
2026-02-25,IN,86385.98,847.0,7465.56,35556.27,1,1,IN,7513.66,2281337.99
2026-02-26,IN,82432.23,864.0,7451.0,36298.34,1,1,IN,7513.66,2281337.99
2026-02-27,IN,77636.01,807.0,7444.66,32720.17,1,1,IN,7513.66,2281337.99
2026-02-28,IN,73828.41,745.0,7320.6,30950.96,1,1,IN,7513.66,2281337.99
2026-03-01,IN,74996.42,814.0,7417.85,31670.48,1,1,IN,7513.66,2281337.99
2026-03-02,IN,78029.04,794.0,7391.42,31694.77,1,1,IN,7513.66,2281337.99
2026-03-03,IN,83527.02,797.0,7315.93,35440.14,1,1,IN,7513.66,2281337.99
2026-03-04,IN,85575.57,854.0,7457.32,34406.25,1,1,IN,7513.66,2281337.99
2026-03-05,IN,81410.28,810.0,7443.92,31744.43,1,1,IN,7513.66,2281337.99
2026-03-06,IN,75544.18,777.0,7460.77,30787.74,1,1,IN,7513.66,2281337.99
2026-03-07,IN,71935.32,743.0,7457.15,31050.1,1,1,IN,7513.66,2281337.99
2026-03-08,IN,72750.55,753.0,7586.28,29891.19,1,1,IN,7513.66,2281337.99
2026-03-09,IN,76447.18,720.0,7560.27,29524.07,1,1,IN,7513.66,2281337.99
2026-03-10,IN,78845.46,865.0,7494.36,34619.7,1,1,IN,7513.66,2281337.99
2026-03-11,IN,79508.36,808.0,7632.12,34557.62,1,1,IN,7513.66,2281337.99
2026-03-12,IN,74953.8,742.0,7646.5,33166.5,1,1,IN,7513.66,2281337.99
2026-03-13,IN,72617.78,707.0,7597.17,30331.14,1,1,IN,7513.66,2281337.99
2026-03-14,IN,71441.36,757.0,7592.74,27786.82,1,1,IN,7513.66,2281337.99
2026-03-15,IN,73794.27,729.0,7649.03,29524.44,1,1,IN,7513.66,2281337.99
2026-03-16,IN,78618.84,793.0,7579.76,33011.85,1,1,IN,7513.66,2281337.99
2026-03-17,IN,79435.95,784.0,7588.82,32774.06,1,1,IN,7513.66,2281337.99
2026-03-18,IN,77365.04,771.0,7623.92,31599.54,1,1,IN,7513.66,2281337.99
2026-03-19,IN,72846.78,704.0,7656.55,31125.69,1,1,IN,7513.66,2281337.99
2026-03-20,IN,70695.08,678.0,7558.08,31027.71,1,1,IN,7513.66,2281337.99
2026-03-21,IN,73648.2,738.0,7543.78,29493.48,1,1,IN,7513.66,2281337.99
2026-03-22,IN,72488.47,699.0,7494.28,29441.24,1,1,IN,7513.66,2281337.99
2026-03-23,IN,95017.44,1024.0,7510.54,41066.67,1,1,IN,7513.66,2281337.99
2026-03-24,IN,97291.75,974.0,7488.64,41639.37,1,1,IN,7513.66,2281337.99
2026-03-25,IN,95821.42,866.0,7434.16,42175.09,1,1,IN,7513.66,2281337.99
2026-03-26,IN,92620.88,898.0,7476.84,38706.09,1,1,IN,7513.66,2281337.99
2026-03-27,IN,88409.62,903.0,7380.41,37538.99,1,1,IN,7513.66,2281337.99
2026-03-28,IN,88565.59,901.0,7444.37,36535.42,1,1,IN,7513.66,2281337.99
2026-03-29,IN,85263.74,762.0,7332.21,35411.05,1,1,IN,7513.66,2281337.99
2026-03-30,IN,78467.71,833.0,7484.55,31050.69,1,1,IN,7513.66,2281337.99
2026-03-31,IN,85389.03,844.0,7345.88,34997.75,1,1,IN,7513.66,2281337.99
2026-04-01,IN,86804.11,930.0,7327.43,38907.36,1,1,IN,7513.66,2281337.99
2026-04-02,IN,81909.33,834.0,7336.29,35391.27,1,1,IN,7513.66,2281337.99
2026-04-03,IN,79230.21,821.0,7485.3,34916.85,1,1,IN,7513.66,2281337.99
2026-04-04,IN,73182.46,715.0,7449.59,29539.35,1,1,IN,7513.66,2281337.99
2026-04-05,IN,75377.17,749.0,7456.94,31739.39,1,1,IN,7513.66,2281337.99
2026-04-06,IN,77410.72,815.0,7495.93,32261.28,1,1,IN,7513.66,2281337.99
2026-04-07,IN,84051.63,895.0,7480.49,34723.46,1,1,IN,7513.66,2281337.99
2026-04-08,IN,85674.4,858.0,7515.9,34282.12,1,1,IN,7513.66,2281337.99
2026-04-09,IN,82940.21,845.0,7511.39,34403.17,1,1,IN,7513.66,2281337.99
2026-04-10,IN,77209.46,810.0,7587.18,31323.56,1,1,IN,7513.66,2281337.99
2026-04-11,IN,77361.8,703.0,7547.29,30569.1,1,1,IN,7513.66,2281337.99
2026-04-12,IN,77660.32,780.0,7687.18,30844.49,1,1,IN,7513.66,2281337.99
2026-04-13,IN,80537.53,761.0,7683.66,32538.8,1,1,IN,7513.66,2281337.99
2026-04-14,IN,85705.29,848.0,7687.86,34930.71,1,1,IN,7513.66,2281337.99
2026-04-15,IN,86898.26,822.0,7656.95,36262.39,1,1,IN,7513.66,2281337.99
2026-04-16,IN,86687.03,883.0,7494.58,33642.96,1,1,IN,7513.66,2281337.99
2026-04-17,IN,83306.03,849.0,7596.44,34814.48,1,1,IN,7513.66,2281337.99
2026-04-18,IN,76864.33,818.0,7538.38,31150.11,1,1,IN,7513.66,2281337.99
2026-04-19,IN,78401.92,810.0,7515.52,35113.12,1,1,IN,7513.66,2281337.99
2026-04-20,IN,81156.86,804.0,7455.01,34540.57,1,1,IN,7513.66,2281337.99
2026-04-21,IN,84122.28,852.0,7517.12,33488.52,1,1,IN,7513.66,2281337.99
2026-04-22,IN,89107.43,859.0,7595.79,36556.87,1,1,IN,7513.66,2281337.99
2026-04-23,IN,88487.01,896.0,7511.44,38989.02,1,1,IN,7513.66,2281337.99
2026-04-24,IN,80263.0,842.0,7398.77,33079.45,1,1,IN,7513.66,2281337.99
2026-04-25,IN,74527.88,773.0,7322.38,33952.78,1,1,IN,7513.66,2281337.99
2026-04-26,IN,74319.62,750.0,7418.17,30520.07,1,1,IN,7513.66,2281337.99
2026-04-27,IN,77894.17,740.0,7287.55,32178.25,1,1,IN,7513.66,2281337.99
2026-04-28,IN,83066.23,785.0,7382.92,36227.28,1,1,IN,7513.66,2281337.99
2026-04-29,IN,80972.09,860.0,7516.76,33104.99,1,1,IN,7513.66,2281337.99
2026-04-30,IN,80282.72,792.0,7441.99,34848.69,1,1,IN,7513.66,2281337.99
2026-05-01,IN,78986.51,796.0,7414.65,33046.24,1,1,IN,7513.66,2281337.99
2026-05-02,IN,80365.6,789.0,7409.57,32685.89,1,1,IN,7513.66,2281337.99
2026-05-03,IN,77671.04,745.0,7465.71,33937.77,1,1,IN,7513.66,2281337.99
2026-05-04,IN,83335.54,842.0,7533.59,33946.81,1,1,IN,7513.66,2281337.99
2026-05-05,IN,86583.98,899.0,7516.85,35422.04,1,1,IN,7513.66,2281337.99
2026-05-06,IN,85992.35,814.0,7592.37,37111.76,1,1,IN,7513.66,2281337.99
2026-05-07,IN,84605.85,836.0,7604.0,37213.62,1,1,IN,7513.66,2281337.99
2026-05-08,IN,82554.4,800.0,7607.81,35166.17,1,1,IN,7513.66,2281337.99
2026-05-09,IN,79125.29,804.0,7717.19,34258.54,1,1,IN,7513.66,2281337.99
2026-05-10,IN,82469.49,866.0,7714.84,35420.99,1,1,IN,7513.66,2281337.99
2026-05-11,IN,83751.71,867.0,7522.68,34651.58,1,1,IN,7513.66,2281337.99
2026-05-12,IN,87723.03,867.0,7651.83,33555.35,1,1,IN,7513.66,2281337.99
2026-05-13,IN,84732.79,834.0,7576.08,36626.85,1,1,IN,7513.66,2281337.99
2026-05-14,IN,81196.38,785.0,7574.9,31782.84,1,1,IN,7513.66,2281337.99
2026-05-15,IN,78980.6,791.0,7592.73,32603.13,1,1,IN,7513.66,2281337.99
2026-05-16,IN,75348.51,732.0,7610.59,31760.23,1,1,IN,7513.66,2281337.99
2026-05-17,IN,77421.25,802.0,7532.01,33505.76,1,1,IN,7513.66,2281337.99
2026-05-18,IN,83653.71,860.0,7462.23,32825.32,1,1,IN,7513.66,2281337.99
2026-05-19,IN,87079.46,895.0,7464.26,35611.13,1,1,IN,7513.66,2281337.99
2026-05-20,IN,87645.52,880.0,7488.18,36831.6,1,1,IN,7513.66,2281337.99
2026-05-21,IN,84122.14,882.0,7458.46,36062.56,1,1,IN,7513.66,2281337.99
2026-05-22,IN,78478.19,750.0,7362.87,36525.77,1,1,IN,7513.66,2281337.99
2026-05-23,IN,72032.08,745.0,7425.77,33327.4,1,1,IN,7513.66,2281337.99
2026-05-24,IN,74037.25,720.0,7375.81,29730.04,1,1,IN,7513.66,2281337.99
2026-05-25,IN,77506.72,819.0,7509.01,31084.75,1,1,IN,7513.66,2281337.99
2026-05-26,IN,80857.27,788.0,7411.76,35212.95,1,1,IN,7513.66,2281337.99
2026-05-27,IN,85753.92,822.0,7361.07,35526.74,1,1,IN,7513.66,2281337.99
2026-05-28,IN,83033.89,863.0,7492.93,35309.13,1,1,IN,7513.66,2281337.99
2026-05-29,IN,79443.0,759.0,7439.21,33473.93,1,1,IN,7513.66,2281337.99
2026-05-30,IN,76583.18,755.0,7384.58,31516.39,1,1,IN,7513.66,2281337.99
2026-05-31,IN,77290.49,740.0,7398.86,33183.23,1,1,IN,7513.66,2281337.99
2026-01-12,KY,57856.6,563.0,5524.15,24495.54,1,1,KY,5508.1,1679472.47
2026-01-13,KY,60925.67,616.0,5513.2,25695.25,1,1,KY,5508.1,1679472.47
2026-01-14,KY,60457.23,600.0,5629.47,26386.66,1,1,KY,5508.1,1679472.47
2026-01-15,KY,58565.91,603.0,5615.28,23965.94,1,1,KY,5508.1,1679472.47
2026-01-16,KY,54498.31,535.0,5616.91,23077.76,1,1,KY,5508.1,1679472.47
2026-01-17,KY,52223.9,540.0,5579.58,22787.41,1,1,KY,5508.1,1679472.47
2026-01-18,KY,52739.27,534.0,5562.7,22096.53,1,1,KY,5508.1,1679472.47
2026-01-19,KY,57240.43,589.0,5621.87,25406.68,1,1,KY,5508.1,1679472.47
2026-01-20,KY,59452.52,565.0,5648.74,25231.89,1,1,KY,5508.1,1679472.47
2026-01-21,KY,61116.53,619.0,5538.64,27561.37,1,1,KY,5508.1,1679472.47
2026-01-22,KY,59803.73,595.0,5548.49,25860.66,1,1,KY,5508.1,1679472.47
2026-01-23,KY,58984.1,610.0,5573.98,23475.09,1,1,KY,5508.1,1679472.47
2026-01-24,KY,55636.31,527.0,5563.94,22706.39,1,1,KY,5508.1,1679472.47
2026-01-25,KY,54126.31,566.0,5559.24,22268.94,1,1,KY,5508.1,1679472.47
2026-01-26,KY,54468.88,546.0,5519.87,21961.64,1,1,KY,5508.1,1679472.47
2026-01-27,KY,58045.78,586.0,5517.38,24899.47,1,1,KY,5508.1,1679472.47
2026-01-28,KY,59545.68,601.0,5491.39,26172.44,1,1,KY,5508.1,1679472.47
2026-01-29,KY,55641.72,575.0,5465.98,22041.7,1,1,KY,5508.1,1679472.47
2026-01-30,KY,53116.08,510.0,5408.41,21843.78,1,1,KY,5508.1,1679472.47
2026-01-31,KY,52952.32,495.0,5370.29,22876.93,1,1,KY,5508.1,1679472.47
2026-02-01,KY,51909.13,554.0,5446.26,21522.38,1,1,KY,5508.1,1679472.47
2026-02-02,KY,54685.24,595.0,5464.37,23830.98,1,1,KY,5508.1,1679472.47
2026-02-03,KY,55859.54,576.0,5406.26,23294.66,1,1,KY,5508.1,1679472.47
2026-02-04,KY,56498.21,522.0,5445.9,22523.08,1,1,KY,5508.1,1679472.47
2026-02-05,KY,53058.3,533.0,5412.65,22551.48,1,1,KY,5508.1,1679472.47
2026-02-06,KY,51767.99,560.0,5422.61,20926.61,1,1,KY,5508.1,1679472.47
2026-02-07,KY,48979.69,509.0,5459.6,20889.23,1,1,KY,5508.1,1679472.47
2026-02-08,KY,50915.5,513.0,5440.52,20858.4,1,1,KY,5508.1,1679472.47
2026-02-09,KY,54438.33,551.0,5491.2,21194.69,1,1,KY,5508.1,1679472.47
2026-02-10,KY,59471.52,616.0,5460.16,26567.03,1,1,KY,5508.1,1679472.47
2026-02-11,KY,59991.03,577.0,5596.43,26995.94,1,1,KY,5508.1,1679472.47
2026-02-12,KY,58818.91,581.0,5557.25,26381.04,1,1,KY,5508.1,1679472.47
2026-02-13,KY,56147.34,569.0,5540.08,21946.81,1,1,KY,5508.1,1679472.47
2026-02-14,KY,55016.26,574.0,5577.74,22684.95,1,1,KY,5508.1,1679472.47
2026-02-15,KY,55418.3,589.0,5565.2,22565.39,1,1,KY,5508.1,1679472.47
2026-02-16,KY,58370.07,571.0,5594.42,22580.41,1,1,KY,5508.1,1679472.47
2026-02-17,KY,61176.58,624.0,5536.79,27616.05,1,1,KY,5508.1,1679472.47
2026-02-18,KY,62890.68,637.0,5556.7,27760.76,1,1,KY,5508.1,1679472.47
2026-02-19,KY,57279.88,565.0,5540.87,23043.67,1,1,KY,5508.1,1679472.47
2026-02-20,KY,52972.61,523.0,5510.88,23689.71,1,1,KY,5508.1,1679472.47
2026-02-21,KY,53561.54,574.0,5515.71,22348.87,1,1,KY,5508.1,1679472.47
2026-02-22,KY,54893.7,556.0,5502.41,22659.06,1,1,KY,5508.1,1679472.47
2026-02-23,KY,58259.29,560.0,5490.17,24591.61,1,1,KY,5508.1,1679472.47
2026-02-24,KY,61851.18,589.0,5465.49,25738.77,1,1,KY,5508.1,1679472.47
2026-02-25,KY,63156.67,587.0,5491.83,24921.64,1,1,KY,5508.1,1679472.47
2026-02-26,KY,59734.55,590.0,5448.88,26086.89,1,1,KY,5508.1,1679472.47
2026-02-27,KY,57158.54,576.0,5467.21,25213.91,1,1,KY,5508.1,1679472.47
2026-02-28,KY,54855.11,532.0,5371.06,22376.83,1,1,KY,5508.1,1679472.47
2026-03-01,KY,55176.52,544.0,5474.14,24556.89,1,1,KY,5508.1,1679472.47
2026-03-02,KY,57771.15,533.0,5379.85,22946.8,1,1,KY,5508.1,1679472.47
2026-03-03,KY,59842.58,599.0,5439.06,24874.77,1,1,KY,5508.1,1679472.47
2026-03-04,KY,59263.24,577.0,5385.22,25774.08,1,1,KY,5508.1,1679472.47
2026-03-05,KY,57398.68,522.0,5432.86,24284.85,1,1,KY,5508.1,1679472.47
2026-03-06,KY,53956.86,594.0,5495.54,22047.8,1,1,KY,5508.1,1679472.47
2026-03-07,KY,52386.2,532.0,5480.49,21652.22,1,1,KY,5508.1,1679472.47
2026-03-08,KY,53990.85,518.0,5453.0,24789.18,1,1,KY,5508.1,1679472.47
2026-03-09,KY,56947.75,560.0,5508.29,23406.67,1,1,KY,5508.1,1679472.47
2026-03-10,KY,59657.65,599.0,5482.88,26056.36,1,1,KY,5508.1,1679472.47
2026-03-11,KY,59536.93,610.0,5555.25,25879.13,1,1,KY,5508.1,1679472.47
2026-03-12,KY,55600.09,563.0,5530.61,21564.18,1,1,KY,5508.1,1679472.47
2026-03-13,KY,53333.3,549.0,5495.41,21585.54,1,1,KY,5508.1,1679472.47
2026-03-14,KY,52887.8,496.0,5480.67,20584.17,1,1,KY,5508.1,1679472.47
2026-03-15,KY,54700.91,540.0,5559.62,23721.85,1,1,KY,5508.1,1679472.47
2026-03-16,KY,56885.78,552.0,5594.25,23776.98,1,1,KY,5508.1,1679472.47
2026-03-17,KY,62189.88,624.0,5542.59,24574.04,1,1,KY,5508.1,1679472.47
2026-03-18,KY,62283.45,647.0,5571.88,27107.58,1,1,KY,5508.1,1679472.47
2026-03-19,KY,58994.3,593.0,5620.1,24527.16,1,1,KY,5508.1,1679472.47
2026-03-20,KY,55841.96,575.0,5539.4,24374.23,1,1,KY,5508.1,1679472.47
2026-03-21,KY,52269.57,514.0,5525.92,20970.16,1,1,KY,5508.1,1679472.47
2026-03-22,KY,54754.23,529.0,5487.14,22229.94,1,1,KY,5508.1,1679472.47
2026-03-23,KY,68207.95,684.0,5450.26,28650.06,1,1,KY,5508.1,1679472.47
2026-03-24,KY,70258.93,716.0,5412.36,28376.01,1,1,KY,5508.1,1679472.47
2026-03-25,KY,69590.82,711.0,5376.94,28212.59,1,1,KY,5508.1,1679472.47
2026-03-26,KY,69429.43,713.0,5420.24,28230.06,1,1,KY,5508.1,1679472.47
2026-03-27,KY,66499.93,670.0,5364.77,28716.53,1,1,KY,5508.1,1679472.47
2026-03-28,KY,64649.15,666.0,5438.53,27630.02,1,1,KY,5508.1,1679472.47
2026-03-29,KY,66661.4,617.0,5427.88,28497.15,1,1,KY,5508.1,1679472.47
2026-03-30,KY,61433.32,567.0,5432.06,24301.28,1,1,KY,5508.1,1679472.47
2026-03-31,KY,67184.93,718.0,5415.67,28733.64,1,1,KY,5508.1,1679472.47
2026-04-01,KY,66149.64,683.0,5445.65,28165.93,1,1,KY,5508.1,1679472.47
2026-04-02,KY,64376.34,656.0,5479.95,27833.79,1,1,KY,5508.1,1679472.47
2026-04-03,KY,60194.45,606.0,5423.65,23780.07,1,1,KY,5508.1,1679472.47
2026-04-04,KY,58138.52,596.0,5432.43,23120.22,1,1,KY,5508.1,1679472.47
2026-04-05,KY,58527.11,540.0,5463.3,24105.22,1,1,KY,5508.1,1679472.47
2026-04-06,KY,57368.63,560.0,5486.8,22280.18,1,1,KY,5508.1,1679472.47
2026-04-07,KY,59701.51,602.0,5519.93,24793.58,1,1,KY,5508.1,1679472.47
2026-04-08,KY,59569.76,604.0,5491.76,25155.96,1,1,KY,5508.1,1679472.47
2026-04-09,KY,60011.28,575.0,5565.37,24437.18,1,1,KY,5508.1,1679472.47
2026-04-10,KY,56336.99,543.0,5531.24,22279.51,1,1,KY,5508.1,1679472.47
2026-04-11,KY,55728.53,553.0,5577.3,23048.31,1,1,KY,5508.1,1679472.47
2026-04-12,KY,55707.86,521.0,5634.2,23193.12,1,1,KY,5508.1,1679472.47
2026-04-13,KY,58349.92,579.0,5529.87,23921.52,1,1,KY,5508.1,1679472.47
2026-04-14,KY,62645.11,605.0,5601.89,26292.06,1,1,KY,5508.1,1679472.47
2026-04-15,KY,62318.64,619.0,5489.6,25966.95,1,1,KY,5508.1,1679472.47
2026-04-16,KY,59181.53,567.0,5597.01,24835.47,1,1,KY,5508.1,1679472.47
2026-04-17,KY,56818.99,586.0,5476.15,24407.94,1,1,KY,5508.1,1679472.47
2026-04-18,KY,54464.71,508.0,5568.12,21961.92,1,1,KY,5508.1,1679472.47
2026-04-19,KY,56313.37,553.0,5486.37,21469.87,1,1,KY,5508.1,1679472.47
2026-04-20,KY,57391.25,556.0,5455.6,23604.63,1,1,KY,5508.1,1679472.47
2026-04-21,KY,61478.62,581.0,5482.98,25741.14,1,1,KY,5508.1,1679472.47
2026-04-22,KY,63431.85,612.0,5376.17,27422.28,1,1,KY,5508.1,1679472.47
2026-04-23,KY,63677.98,594.0,5452.86,25480.95,1,1,KY,5508.1,1679472.47
2026-04-24,KY,58943.62,633.0,5435.09,27166.1,1,1,KY,5508.1,1679472.47
2026-04-25,KY,55533.24,552.0,5444.13,23274.19,1,1,KY,5508.1,1679472.47
2026-04-26,KY,57947.47,537.0,5450.43,23688.96,1,1,KY,5508.1,1679472.47
2026-04-27,KY,59639.41,617.0,5457.2,24183.82,1,1,KY,5508.1,1679472.47
2026-04-28,KY,63706.9,659.0,5511.65,26474.95,1,1,KY,5508.1,1679472.47
2026-04-29,KY,62802.01,635.0,5486.04,25565.06,1,1,KY,5508.1,1679472.47
2026-04-30,KY,62062.12,630.0,5441.18,25441.53,1,1,KY,5508.1,1679472.47
2026-05-01,KY,58972.22,572.0,5419.64,24217.47,1,1,KY,5508.1,1679472.47
2026-05-02,KY,59272.77,650.0,5483.5,26374.58,1,1,KY,5508.1,1679472.47
2026-05-03,KY,58941.93,612.0,5517.35,25239.14,1,1,KY,5508.1,1679472.47
2026-05-04,KY,64279.36,629.0,5556.96,28595.27,1,1,KY,5508.1,1679472.47
2026-05-05,KY,65827.49,670.0,5522.42,28007.56,1,1,KY,5508.1,1679472.47
2026-05-06,KY,65635.04,639.0,5542.61,28334.01,1,1,KY,5508.1,1679472.47
2026-05-07,KY,61493.17,602.0,5598.0,25342.09,1,1,KY,5508.1,1679472.47
2026-05-08,KY,57576.39,563.0,5561.56,26948.5,1,1,KY,5508.1,1679472.47
2026-05-09,KY,55822.45,582.0,5594.95,23092.51,1,1,KY,5508.1,1679472.47
2026-05-10,KY,60453.48,594.0,5587.04,25734.69,1,1,KY,5508.1,1679472.47
2026-05-11,KY,63254.05,649.0,5611.62,26833.69,1,1,KY,5508.1,1679472.47
2026-05-12,KY,65902.39,710.0,5633.35,27701.03,1,1,KY,5508.1,1679472.47
2026-05-13,KY,66655.34,646.0,5570.21,26624.13,1,1,KY,5508.1,1679472.47
2026-05-14,KY,63756.28,621.0,5635.37,26981.67,1,1,KY,5508.1,1679472.47
2026-05-15,KY,59234.25,607.0,5583.44,24098.22,1,1,KY,5508.1,1679472.47
2026-05-16,KY,56002.5,580.0,5492.02,22829.3,1,1,KY,5508.1,1679472.47
2026-05-17,KY,56144.9,561.0,5506.65,22709.77,1,1,KY,5508.1,1679472.47
2026-05-18,KY,58589.63,595.0,5579.65,24827.97,1,1,KY,5508.1,1679472.47
2026-05-19,KY,60148.48,591.0,5481.68,22861.43,1,1,KY,5508.1,1679472.47
2026-05-20,KY,60692.46,612.0,5483.4,24483.7,1,1,KY,5508.1,1679472.47
2026-05-21,KY,58994.18,586.0,5515.97,24491.78,1,1,KY,5508.1,1679472.47
2026-05-22,KY,54736.81,593.0,5458.69,24019.54,1,1,KY,5508.1,1679472.47
2026-05-23,KY,53873.08,547.0,5425.44,23550.62,1,1,KY,5508.1,1679472.47
2026-05-24,KY,55276.7,561.0,5414.57,23405.66,1,1,KY,5508.1,1679472.47
2026-05-25,KY,58177.67,595.0,5405.57,25858.16,1,1,KY,5508.1,1679472.47
2026-05-26,KY,61306.88,588.0,5406.9,25229.01,1,1,KY,5508.1,1679472.47
2026-05-27,KY,62280.42,605.0,5377.24,26429.67,1,1,KY,5508.1,1679472.47
2026-05-28,KY,62052.81,625.0,5404.05,25369.29,1,1,KY,5508.1,1679472.47
2026-05-29,KY,57557.94,578.0,5353.09,23732.58,1,1,KY,5508.1,1679472.47
2026-05-30,KY,56664.62,536.0,5457.14,24838.25,1,1,KY,5508.1,1679472.47
2026-05-31,KY,57083.7,585.0,5467.16,22849.25,1,1,KY,5508.1,1679472.47
2026-01-12,MI,68434.71,658.0,6488.22,29387.33,1,1,MI,6506.54,1943186.37
2026-01-13,MI,71537.72,692.0,6478.43,28916.69,1,1,MI,6506.54,1943186.37
2026-01-14,MI,72304.8,701.0,6478.01,30881.57,1,1,MI,6506.54,1943186.37
2026-01-15,MI,71144.28,700.0,6585.31,29818.93,1,1,MI,6506.54,1943186.37
2026-01-16,MI,66347.51,673.0,6608.52,26219.71,1,1,MI,6506.54,1943186.37
2026-01-17,MI,64122.17,634.0,6613.97,27889.83,1,1,MI,6506.54,1943186.37
2026-01-18,MI,66458.6,676.0,6620.05,26986.25,1,1,MI,6506.54,1943186.37
2026-01-19,MI,67605.34,664.0,6641.72,28326.18,1,1,MI,6506.54,1943186.37
2026-01-20,MI,71218.37,710.0,6564.7,27231.55,1,1,MI,6506.54,1943186.37
2026-01-21,MI,71285.53,723.0,6620.94,31465.22,1,1,MI,6506.54,1943186.37
2026-01-22,MI,68186.66,686.0,6612.06,29618.11,1,1,MI,6506.54,1943186.37
2026-01-23,MI,65424.6,637.0,6554.05,26078.39,1,1,MI,6506.54,1943186.37
2026-01-24,MI,60288.71,601.0,6582.82,24659.88,1,1,MI,6506.54,1943186.37
2026-01-25,MI,62596.2,623.0,6553.19,25969.17,1,1,MI,6506.54,1943186.37
2026-01-26,MI,65329.94,650.0,6532.44,26098.82,1,1,MI,6506.54,1943186.37
2026-01-27,MI,69209.91,721.0,6511.31,29808.63,1,1,MI,6506.54,1943186.37
2026-01-28,MI,70543.37,750.0,6450.03,32015.88,1,1,MI,6506.54,1943186.37
2026-01-29,MI,65577.41,641.0,6419.05,27766.6,1,1,MI,6506.54,1943186.37
2026-01-30,MI,61381.65,614.0,6399.33,26192.07,1,1,MI,6506.54,1943186.37
2026-01-31,MI,60232.37,594.0,6415.06,24872.15,1,1,MI,6506.54,1943186.37
2026-02-01,MI,62205.43,630.0,6306.41,27067.55,1,1,MI,6506.54,1943186.37
2026-02-02,MI,64873.06,685.0,6367.42,25114.26,1,1,MI,6506.54,1943186.37
2026-02-03,MI,66422.37,626.0,6349.61,27539.96,1,1,MI,6506.54,1943186.37
2026-02-04,MI,69133.65,643.0,6522.15,30785.73,1,1,MI,6506.54,1943186.37
2026-02-05,MI,65636.92,637.0,6424.5,27555.34,1,1,MI,6506.54,1943186.37
2026-02-06,MI,61548.56,621.0,6526.32,23562.81,1,1,MI,6506.54,1943186.37
2026-02-07,MI,58599.38,582.0,6455.85,25531.73,1,1,MI,6506.54,1943186.37
2026-02-08,MI,59514.69,584.0,6510.97,26462.96,1,1,MI,6506.54,1943186.37
2026-02-09,MI,66526.37,656.0,6480.06,26799.91,1,1,MI,6506.54,1943186.37
2026-02-10,MI,69064.51,677.0,6514.2,28619.29,1,1,MI,6506.54,1943186.37
2026-02-11,MI,69147.63,672.0,6554.6,29504.34,1,1,MI,6506.54,1943186.37
2026-02-12,MI,68916.8,666.0,6550.72,26557.45,1,1,MI,6506.54,1943186.37
2026-02-13,MI,63347.29,662.0,6617.77,25059.57,1,1,MI,6506.54,1943186.37
2026-02-14,MI,63622.03,664.0,6598.59,26053.36,1,1,MI,6506.54,1943186.37
2026-02-15,MI,62099.71,653.0,6575.95,26723.28,1,1,MI,6506.54,1943186.37
2026-02-16,MI,63160.09,580.0,6645.92,26948.41,1,1,MI,6506.54,1943186.37
2026-02-17,MI,70127.57,708.0,6640.17,32089.86,1,1,MI,6506.54,1943186.37
2026-02-18,MI,72035.39,734.0,6553.08,30206.61,1,1,MI,6506.54,1943186.37
2026-02-19,MI,66001.69,677.0,6528.45,27277.29,1,1,MI,6506.54,1943186.37
2026-02-20,MI,66159.52,667.0,6589.39,26753.27,1,1,MI,6506.54,1943186.37
2026-02-21,MI,65011.91,668.0,6531.18,27080.24,1,1,MI,6506.54,1943186.37
2026-02-22,MI,65962.58,652.0,6472.62,25827.46,1,1,MI,6506.54,1943186.37
2026-02-23,MI,68189.94,711.0,6555.48,29387.58,1,1,MI,6506.54,1943186.37
2026-02-24,MI,72306.91,715.0,6466.12,31206.12,1,1,MI,6506.54,1943186.37
2026-02-25,MI,74180.39,783.0,6427.66,29443.97,1,1,MI,6506.54,1943186.37
2026-02-26,MI,70417.41,628.0,6503.8,27302.08,1,1,MI,6506.54,1943186.37
2026-02-27,MI,65180.23,717.0,6429.78,27788.02,1,1,MI,6506.54,1943186.37
2026-02-28,MI,63503.71,627.0,6385.06,26052.07,1,1,MI,6506.54,1943186.37
2026-03-01,MI,63797.19,657.0,6384.02,27584.33,1,1,MI,6506.54,1943186.37
2026-03-02,MI,66385.58,693.0,6438.99,27131.83,1,1,MI,6506.54,1943186.37
2026-03-03,MI,69671.87,699.0,6462.13,27758.23,1,1,MI,6506.54,1943186.37
2026-03-04,MI,69683.21,723.0,6417.66,28573.98,1,1,MI,6506.54,1943186.37
2026-03-05,MI,69000.86,691.0,6500.26,31516.08,1,1,MI,6506.54,1943186.37
2026-03-06,MI,61425.08,589.0,6435.9,23706.78,1,1,MI,6506.54,1943186.37
2026-03-07,MI,59750.41,617.0,6457.36,25140.5,1,1,MI,6506.54,1943186.37
2026-03-08,MI,59413.82,587.0,6541.19,25136.47,1,1,MI,6506.54,1943186.37
2026-03-09,MI,62372.91,621.0,6584.45,25575.01,1,1,MI,6506.54,1943186.37
2026-03-10,MI,67439.32,666.0,6596.19,24548.57,1,1,MI,6506.54,1943186.37
2026-03-11,MI,73045.0,725.0,6504.13,31887.34,1,1,MI,6506.54,1943186.37
2026-03-12,MI,69389.33,718.0,6607.56,27565.57,1,1,MI,6506.54,1943186.37
2026-03-13,MI,68280.23,664.0,6537.46,30432.73,1,1,MI,6506.54,1943186.37
2026-03-14,MI,64585.93,645.0,6586.26,28566.28,1,1,MI,6506.54,1943186.37
2026-03-15,MI,64476.97,604.0,6579.82,26227.08,1,1,MI,6506.54,1943186.37
2026-03-16,MI,68955.55,708.0,6514.15,30691.38,1,1,MI,6506.54,1943186.37
2026-03-17,MI,71103.76,678.0,6604.03,31809.24,1,1,MI,6506.54,1943186.37
2026-03-18,MI,70863.0,723.0,6579.78,27551.04,1,1,MI,6506.54,1943186.37
2026-03-19,MI,68432.61,673.0,6600.35,31466.35,1,1,MI,6506.54,1943186.37
2026-03-20,MI,65575.66,639.0,6544.31,29010.06,1,1,MI,6506.54,1943186.37
2026-03-21,MI,63007.04,609.0,6520.91,27379.0,1,1,MI,6506.54,1943186.37
2026-03-22,MI,60249.88,590.0,6532.18,26529.55,1,1,MI,6506.54,1943186.37
2026-03-23,MI,78023.66,751.0,6574.77,33899.54,1,1,MI,6506.54,1943186.37
2026-03-24,MI,80716.68,741.0,6538.37,31731.96,1,1,MI,6506.54,1943186.37
2026-03-25,MI,79883.89,771.0,6520.28,33774.75,1,1,MI,6506.54,1943186.37
2026-03-26,MI,77530.64,799.0,6483.83,32662.67,1,1,MI,6506.54,1943186.37
2026-03-27,MI,73697.0,723.0,6322.72,32317.1,1,1,MI,6506.54,1943186.37
2026-03-28,MI,74492.89,740.0,6383.35,29046.54,1,1,MI,6506.54,1943186.37
2026-03-29,MI,74666.69,775.0,6469.39,29492.85,1,1,MI,6506.54,1943186.37
2026-03-30,MI,70137.24,680.0,6416.68,26560.28,1,1,MI,6506.54,1943186.37
2026-03-31,MI,75107.87,803.0,6348.29,30984.24,1,1,MI,6506.54,1943186.37
2026-04-01,MI,77275.43,714.0,6415.84,32394.13,1,1,MI,6506.54,1943186.37
2026-04-02,MI,72963.41,719.0,6387.12,29718.49,1,1,MI,6506.54,1943186.37
2026-04-03,MI,72010.64,695.0,6529.41,32032.18,1,1,MI,6506.54,1943186.37
2026-04-04,MI,67129.66,668.0,6440.59,27755.21,1,1,MI,6506.54,1943186.37
2026-04-05,MI,65818.92,659.0,6403.12,28181.86,1,1,MI,6506.54,1943186.37
2026-04-06,MI,67659.24,606.0,6555.84,28650.53,1,1,MI,6506.54,1943186.37
2026-04-07,MI,74713.07,725.0,6597.69,30436.81,1,1,MI,6506.54,1943186.37
2026-04-08,MI,72653.9,761.0,6536.3,28515.97,1,1,MI,6506.54,1943186.37
2026-04-09,MI,69419.73,673.0,6653.76,30643.57,1,1,MI,6506.54,1943186.37
2026-04-10,MI,64827.12,626.0,6648.48,28077.85,1,1,MI,6506.54,1943186.37
2026-04-11,MI,63671.29,625.0,6615.61,26378.98,1,1,MI,6506.54,1943186.37
2026-04-12,MI,64217.49,638.0,6578.39,28402.13,1,1,MI,6506.54,1943186.37
2026-04-13,MI,68805.4,635.0,6622.41,32414.91,1,1,MI,6506.54,1943186.37
2026-04-14,MI,73837.44,738.0,6605.59,30703.02,1,1,MI,6506.54,1943186.37
2026-04-15,MI,71762.2,710.0,6617.47,30069.97,1,1,MI,6506.54,1943186.37
2026-04-16,MI,70937.37,696.0,6617.95,30513.5,1,1,MI,6506.54,1943186.37
2026-04-17,MI,66927.91,698.0,6556.65,25703.91,1,1,MI,6506.54,1943186.37
2026-04-18,MI,65522.51,617.0,6511.79,27574.1,1,1,MI,6506.54,1943186.37
2026-04-19,MI,65475.66,689.0,6489.87,27515.38,1,1,MI,6506.54,1943186.37
2026-04-20,MI,67205.89,664.0,6505.26,27951.7,1,1,MI,6506.54,1943186.37
2026-04-21,MI,70775.61,700.0,6533.23,28655.9,1,1,MI,6506.54,1943186.37
2026-04-22,MI,75722.14,730.0,6315.08,30835.9,1,1,MI,6506.54,1943186.37
2026-04-23,MI,74083.57,748.0,6395.02,31723.47,1,1,MI,6506.54,1943186.37
2026-04-24,MI,69914.76,699.0,6441.68,28159.25,1,1,MI,6506.54,1943186.37
2026-04-25,MI,65155.17,668.0,6390.48,28379.48,1,1,MI,6506.54,1943186.37
2026-04-26,MI,63913.49,624.0,6414.26,25711.07,1,1,MI,6506.54,1943186.37
2026-04-27,MI,69045.01,687.0,6441.23,29504.67,1,1,MI,6506.54,1943186.37
2026-04-28,MI,73388.76,837.0,6406.64,31509.41,1,1,MI,6506.54,1943186.37
2026-04-29,MI,73976.77,739.0,6504.26,30740.5,1,1,MI,6506.54,1943186.37
2026-04-30,MI,71282.98,703.0,6487.8,29457.24,1,1,MI,6506.54,1943186.37
2026-05-01,MI,67131.3,655.0,6450.35,29657.61,1,1,MI,6506.54,1943186.37
2026-05-02,MI,65212.64,630.0,6461.55,26067.76,1,1,MI,6506.54,1943186.37
2026-05-03,MI,65841.98,627.0,6474.55,27173.64,1,1,MI,6506.54,1943186.37
2026-05-04,MI,70901.41,674.0,6515.01,29323.42,1,1,MI,6506.54,1943186.37
2026-05-05,MI,72765.2,700.0,6443.79,32042.63,1,1,MI,6506.54,1943186.37
2026-05-06,MI,74804.7,738.0,6566.2,32083.02,1,1,MI,6506.54,1943186.37
2026-05-07,MI,71427.75,705.0,6538.34,32017.97,1,1,MI,6506.54,1943186.37
2026-05-08,MI,68221.27,714.0,6542.05,25732.32,1,1,MI,6506.54,1943186.37
2026-05-09,MI,66783.59,653.0,6561.99,29764.03,1,1,MI,6506.54,1943186.37
2026-05-10,MI,68670.04,695.0,6656.29,31232.77,1,1,MI,6506.54,1943186.37
2026-05-11,MI,72533.39,786.0,6611.04,33208.31,1,1,MI,6506.54,1943186.37
2026-05-12,MI,72820.92,749.0,6582.99,31168.61,1,1,MI,6506.54,1943186.37
2026-05-13,MI,71523.81,733.0,6600.83,29011.14,1,1,MI,6506.54,1943186.37
2026-05-14,MI,68508.66,666.0,6523.27,29497.9,1,1,MI,6506.54,1943186.37
2026-05-15,MI,66506.49,657.0,6683.08,28711.71,1,1,MI,6506.54,1943186.37
2026-05-16,MI,61695.81,612.0,6535.14,28104.47,1,1,MI,6506.54,1943186.37
2026-05-17,MI,63729.3,648.0,6547.34,25118.79,1,1,MI,6506.54,1943186.37
2026-05-18,MI,67343.86,660.0,6480.91,28458.35,1,1,MI,6506.54,1943186.37
2026-05-19,MI,72722.76,721.0,6501.29,30925.67,1,1,MI,6506.54,1943186.37
2026-05-20,MI,73032.37,700.0,6497.03,31308.78,1,1,MI,6506.54,1943186.37
2026-05-21,MI,72158.14,757.0,6446.88,29857.98,1,1,MI,6506.54,1943186.37
2026-05-22,MI,69072.64,672.0,6460.55,30185.33,1,1,MI,6506.54,1943186.37
2026-05-23,MI,66307.63,653.0,6398.81,26036.11,1,1,MI,6506.54,1943186.37
2026-05-24,MI,65747.74,681.0,6425.79,25717.52,1,1,MI,6506.54,1943186.37
2026-05-25,MI,70021.59,717.0,6347.37,29394.51,1,1,MI,6506.54,1943186.37
2026-05-26,MI,72087.79,744.0,6314.44,27093.12,1,1,MI,6506.54,1943186.37
2026-05-27,MI,72917.94,675.0,6496.34,31129.02,1,1,MI,6506.54,1943186.37
2026-05-28,MI,71254.99,736.0,6443.94,31149.91,1,1,MI,6506.54,1943186.37
2026-05-29,MI,65369.99,633.0,6455.89,28040.76,1,1,MI,6506.54,1943186.37
2026-05-30,MI,65594.05,673.0,6480.48,28529.13,1,1,MI,6506.54,1943186.37
2026-05-31,MI,68662.54,686.0,6525.98,28781.66,1,1,MI,6506.54,1943186.37
2026-01-12,MO,68382.88,712.0,6997.45,26086.62,1,1,MO,7009.15,2121349.69
2026-01-13,MO,73589.89,761.0,7028.57,30861.66,1,1,MO,7009.15,2121349.69
2026-01-14,MO,76242.89,768.0,7090.73,32339.65,1,1,MO,7009.15,2121349.69
2026-01-15,MO,74649.49,781.0,7166.6,32735.36,1,1,MO,7009.15,2121349.69
2026-01-16,MO,69084.34,739.0,7076.35,30676.56,1,1,MO,7009.15,2121349.69
2026-01-17,MO,66431.89,689.0,7074.29,29550.29,1,1,MO,7009.15,2121349.69
2026-01-18,MO,63826.75,606.0,6985.91,26332.87,1,1,MO,7009.15,2121349.69
2026-01-19,MO,69058.83,690.0,7140.74,30207.41,1,1,MO,7009.15,2121349.69
2026-01-20,MO,74238.52,755.0,7067.93,31150.71,1,1,MO,7009.15,2121349.69
2026-01-21,MO,76446.42,756.0,7165.58,29721.21,1,1,MO,7009.15,2121349.69
2026-01-22,MO,74247.52,749.0,7051.39,31201.9,1,1,MO,7009.15,2121349.69
2026-01-23,MO,70619.03,755.0,7057.24,29145.44,1,1,MO,7009.15,2121349.69
2026-01-24,MO,67148.51,705.0,7017.49,28423.42,1,1,MO,7009.15,2121349.69
2026-01-25,MO,66132.74,669.0,7062.21,27733.14,1,1,MO,7009.15,2121349.69
2026-01-26,MO,67969.77,672.0,7052.01,30191.37,1,1,MO,7009.15,2121349.69
2026-01-27,MO,73193.76,753.0,6952.0,30002.1,1,1,MO,7009.15,2121349.69
2026-01-28,MO,75273.21,785.0,7005.52,29552.65,1,1,MO,7009.15,2121349.69
2026-01-29,MO,74318.19,760.0,7014.28,29994.61,1,1,MO,7009.15,2121349.69
2026-01-30,MO,67348.45,669.0,6833.48,27500.87,1,1,MO,7009.15,2121349.69
2026-01-31,MO,63169.85,651.0,6934.62,26125.33,1,1,MO,7009.15,2121349.69
2026-02-01,MO,63291.11,648.0,6877.73,26978.78,1,1,MO,7009.15,2121349.69
2026-02-02,MO,66499.22,726.0,6968.42,26194.63,1,1,MO,7009.15,2121349.69
2026-02-03,MO,72093.59,712.0,6788.43,30106.54,1,1,MO,7009.15,2121349.69
2026-02-04,MO,74418.44,734.0,6881.8,32376.11,1,1,MO,7009.15,2121349.69
2026-02-05,MO,69441.4,682.0,6956.78,28446.41,1,1,MO,7009.15,2121349.69
2026-02-06,MO,65157.77,660.0,6853.41,27030.17,1,1,MO,7009.15,2121349.69
2026-02-07,MO,65213.25,713.0,6948.84,27894.9,1,1,MO,7009.15,2121349.69
2026-02-08,MO,66544.64,686.0,6974.23,27635.58,1,1,MO,7009.15,2121349.69
2026-02-09,MO,72760.86,746.0,7050.09,31096.12,1,1,MO,7009.15,2121349.69
2026-02-10,MO,78257.04,807.0,7079.96,32920.87,1,1,MO,7009.15,2121349.69
2026-02-11,MO,78824.96,801.0,7127.04,33520.89,1,1,MO,7009.15,2121349.69
2026-02-12,MO,78045.6,776.0,7027.28,32898.07,1,1,MO,7009.15,2121349.69
2026-02-13,MO,70842.48,729.0,7032.91,29784.33,1,1,MO,7009.15,2121349.69
2026-02-14,MO,67259.12,697.0,7110.04,29428.0,1,1,MO,7009.15,2121349.69
2026-02-15,MO,69212.12,667.0,7052.56,29643.79,1,1,MO,7009.15,2121349.69
2026-02-16,MO,73369.18,720.0,7106.27,29450.98,1,1,MO,7009.15,2121349.69
2026-02-17,MO,76032.14,758.0,7068.03,29475.79,1,1,MO,7009.15,2121349.69
2026-02-18,MO,77439.49,749.0,7026.33,31298.08,1,1,MO,7009.15,2121349.69
2026-02-19,MO,73171.56,720.0,7071.38,29019.41,1,1,MO,7009.15,2121349.69
2026-02-20,MO,68419.95,641.0,7106.0,27356.79,1,1,MO,7009.15,2121349.69
2026-02-21,MO,66697.36,670.0,7058.01,27896.98,1,1,MO,7009.15,2121349.69
2026-02-22,MO,68509.53,637.0,7027.92,27759.45,1,1,MO,7009.15,2121349.69
2026-02-23,MO,74785.78,723.0,7031.05,33968.98,1,1,MO,7009.15,2121349.69
2026-02-24,MO,77711.98,790.0,6965.7,33745.12,1,1,MO,7009.15,2121349.69
2026-02-25,MO,81326.57,797.0,6877.18,33957.5,1,1,MO,7009.15,2121349.69
2026-02-26,MO,78481.66,757.0,6922.29,31185.44,1,1,MO,7009.15,2121349.69
2026-02-27,MO,72946.98,715.0,6936.33,29492.2,1,1,MO,7009.15,2121349.69
2026-02-28,MO,68311.33,653.0,6882.0,28777.2,1,1,MO,7009.15,2121349.69
2026-03-01,MO,68711.84,651.0,6915.94,29900.76,1,1,MO,7009.15,2121349.69
2026-03-02,MO,74814.98,690.0,6865.94,28526.02,1,1,MO,7009.15,2121349.69
2026-03-03,MO,79537.63,791.0,6926.78,33265.7,1,1,MO,7009.15,2121349.69
2026-03-04,MO,79490.29,719.0,6956.83,32574.96,1,1,MO,7009.15,2121349.69
2026-03-05,MO,76103.65,722.0,6963.51,32582.8,1,1,MO,7009.15,2121349.69
2026-03-06,MO,67176.47,625.0,7022.25,28716.67,1,1,MO,7009.15,2121349.69
2026-03-07,MO,63853.64,622.0,6926.86,27058.07,1,1,MO,7009.15,2121349.69
2026-03-08,MO,63977.95,630.0,7024.93,28270.78,1,1,MO,7009.15,2121349.69
2026-03-09,MO,69828.28,684.0,6980.71,30232.04,1,1,MO,7009.15,2121349.69
2026-03-10,MO,74231.39,767.0,7085.65,31117.21,1,1,MO,7009.15,2121349.69
2026-03-11,MO,75429.3,803.0,7094.5,33133.66,1,1,MO,7009.15,2121349.69
2026-03-12,MO,69618.34,677.0,7069.56,28114.74,1,1,MO,7009.15,2121349.69
2026-03-13,MO,68338.36,630.0,7170.27,27590.88,1,1,MO,7009.15,2121349.69
2026-03-14,MO,66980.02,654.0,7063.75,27980.08,1,1,MO,7009.15,2121349.69
2026-03-15,MO,66454.89,698.0,7186.65,30222.38,1,1,MO,7009.15,2121349.69
2026-03-16,MO,70657.74,783.0,7003.13,28335.53,1,1,MO,7009.15,2121349.69
2026-03-17,MO,73101.96,709.0,7160.5,30947.13,1,1,MO,7009.15,2121349.69
2026-03-18,MO,74529.44,698.0,7018.36,29811.1,1,1,MO,7009.15,2121349.69
2026-03-19,MO,73882.11,723.0,7050.74,31156.85,1,1,MO,7009.15,2121349.69
2026-03-20,MO,69685.03,662.0,7023.91,28671.84,1,1,MO,7009.15,2121349.69
2026-03-21,MO,68640.22,687.0,7122.76,29261.94,1,1,MO,7009.15,2121349.69
2026-03-22,MO,72213.01,685.0,6992.1,32115.71,1,1,MO,7009.15,2121349.69
2026-03-23,MO,88952.39,887.0,7088.24,35764.83,1,1,MO,7009.15,2121349.69
2026-03-24,MO,87619.33,876.0,6927.61,35069.95,1,1,MO,7009.15,2121349.69
2026-03-25,MO,88376.82,882.0,6973.99,37971.13,1,1,MO,7009.15,2121349.69
2026-03-26,MO,89975.58,897.0,6895.46,37233.25,1,1,MO,7009.15,2121349.69
2026-03-27,MO,83963.6,828.0,6902.65,36735.89,1,1,MO,7009.15,2121349.69
2026-03-28,MO,81821.45,925.0,6984.24,35367.17,1,1,MO,7009.15,2121349.69
2026-03-29,MO,85036.4,855.0,6842.69,36504.4,1,1,MO,7009.15,2121349.69
2026-03-30,MO,75521.3,752.0,6831.95,31245.89,1,1,MO,7009.15,2121349.69
2026-03-31,MO,82621.78,829.0,6875.85,36126.92,1,1,MO,7009.15,2121349.69
2026-04-01,MO,82110.22,792.0,6849.32,33830.24,1,1,MO,7009.15,2121349.69
2026-04-02,MO,78484.13,758.0,6954.19,31864.67,1,1,MO,7009.15,2121349.69
2026-04-03,MO,76617.72,783.0,6870.68,31919.62,1,1,MO,7009.15,2121349.69
2026-04-04,MO,72011.07,647.0,6836.38,30362.45,1,1,MO,7009.15,2121349.69
2026-04-05,MO,71813.83,713.0,6962.3,31372.87,1,1,MO,7009.15,2121349.69
2026-04-06,MO,73048.46,773.0,6995.03,34265.52,1,1,MO,7009.15,2121349.69
2026-04-07,MO,77764.57,779.0,7021.73,32214.09,1,1,MO,7009.15,2121349.69
2026-04-08,MO,80377.21,805.0,7113.13,34132.11,1,1,MO,7009.15,2121349.69
2026-04-09,MO,76390.39,773.0,7087.86,33176.22,1,1,MO,7009.15,2121349.69
2026-04-10,MO,71457.47,690.0,7111.85,29833.69,1,1,MO,7009.15,2121349.69
2026-04-11,MO,69953.87,705.0,7121.68,28624.63,1,1,MO,7009.15,2121349.69
2026-04-12,MO,71532.04,691.0,7136.99,29595.59,1,1,MO,7009.15,2121349.69
2026-04-13,MO,71851.47,727.0,7073.76,32776.69,1,1,MO,7009.15,2121349.69
2026-04-14,MO,77113.33,764.0,7066.4,34094.39,1,1,MO,7009.15,2121349.69
2026-04-15,MO,78507.79,761.0,7117.41,31559.24,1,1,MO,7009.15,2121349.69
2026-04-16,MO,76508.95,739.0,7069.76,32516.5,1,1,MO,7009.15,2121349.69
2026-04-17,MO,68995.84,667.0,7035.44,27635.53,1,1,MO,7009.15,2121349.69
2026-04-18,MO,67779.66,737.0,7041.46,29022.24,1,1,MO,7009.15,2121349.69
2026-04-19,MO,69686.27,731.0,7090.33,31218.68,1,1,MO,7009.15,2121349.69
2026-04-20,MO,76548.58,753.0,6993.89,30824.64,1,1,MO,7009.15,2121349.69
2026-04-21,MO,78580.23,811.0,7022.66,33442.2,1,1,MO,7009.15,2121349.69
2026-04-22,MO,77686.9,756.0,6999.27,31769.97,1,1,MO,7009.15,2121349.69
2026-04-23,MO,76466.75,815.0,6997.59,32072.55,1,1,MO,7009.15,2121349.69
2026-04-24,MO,73554.98,734.0,6882.68,29092.3,1,1,MO,7009.15,2121349.69
2026-04-25,MO,67722.92,664.0,6887.53,26817.35,1,1,MO,7009.15,2121349.69
2026-04-26,MO,69906.05,699.0,6892.2,26791.53,1,1,MO,7009.15,2121349.69
2026-04-27,MO,75607.44,761.0,6796.16,33323.86,1,1,MO,7009.15,2121349.69
2026-04-28,MO,81052.36,826.0,6890.69,34626.16,1,1,MO,7009.15,2121349.69
2026-04-29,MO,79845.66,787.0,6928.54,36325.18,1,1,MO,7009.15,2121349.69
2026-04-30,MO,80115.92,784.0,6923.98,34075.02,1,1,MO,7009.15,2121349.69
2026-05-01,MO,75878.64,780.0,6969.4,32306.57,1,1,MO,7009.15,2121349.69
2026-05-02,MO,70779.74,718.0,6941.04,29447.39,1,1,MO,7009.15,2121349.69
2026-05-03,MO,73392.52,765.0,6914.41,29397.81,1,1,MO,7009.15,2121349.69
2026-05-04,MO,78991.82,803.0,7006.58,31336.89,1,1,MO,7009.15,2121349.69
2026-05-05,MO,79625.51,798.0,7103.66,31596.19,1,1,MO,7009.15,2121349.69
2026-05-06,MO,79151.49,779.0,7046.8,32699.98,1,1,MO,7009.15,2121349.69
2026-05-07,MO,76955.02,791.0,7115.05,32387.92,1,1,MO,7009.15,2121349.69
2026-05-08,MO,73311.42,773.0,7019.39,32066.58,1,1,MO,7009.15,2121349.69
2026-05-09,MO,70878.09,693.0,7131.43,30063.61,1,1,MO,7009.15,2121349.69
2026-05-10,MO,74552.91,700.0,7080.09,29975.92,1,1,MO,7009.15,2121349.69
2026-05-11,MO,78074.69,803.0,7042.62,29451.03,1,1,MO,7009.15,2121349.69
2026-05-12,MO,80702.77,739.0,7089.58,35915.41,1,1,MO,7009.15,2121349.69
2026-05-13,MO,80020.96,776.0,7202.81,34198.0,1,1,MO,7009.15,2121349.69
2026-05-14,MO,76933.18,804.0,7180.04,32343.43,1,1,MO,7009.15,2121349.69
2026-05-15,MO,74453.67,753.0,7043.35,30096.11,1,1,MO,7009.15,2121349.69
2026-05-16,MO,69759.58,636.0,7008.0,29533.23,1,1,MO,7009.15,2121349.69
2026-05-17,MO,71726.97,697.0,7025.6,30018.65,1,1,MO,7009.15,2121349.69
2026-05-18,MO,74539.98,745.0,7015.95,30492.17,1,1,MO,7009.15,2121349.69
2026-05-19,MO,78443.81,860.0,7022.04,35016.67,1,1,MO,7009.15,2121349.69
2026-05-20,MO,76635.74,796.0,6917.82,33396.97,1,1,MO,7009.15,2121349.69
2026-05-21,MO,76986.23,771.0,6893.87,32807.83,1,1,MO,7009.15,2121349.69
2026-05-22,MO,73674.27,731.0,6935.05,29240.86,1,1,MO,7009.15,2121349.69
2026-05-23,MO,70310.83,715.0,6935.44,29035.82,1,1,MO,7009.15,2121349.69
2026-05-24,MO,71075.1,733.0,6841.66,28251.67,1,1,MO,7009.15,2121349.69
2026-05-25,MO,75955.64,744.0,6851.41,33392.91,1,1,MO,7009.15,2121349.69
2026-05-26,MO,81280.7,795.0,6895.92,34461.36,1,1,MO,7009.15,2121349.69
2026-05-27,MO,78466.72,790.0,6956.2,31664.96,1,1,MO,7009.15,2121349.69
2026-05-28,MO,78121.37,757.0,6953.92,34802.6,1,1,MO,7009.15,2121349.69
2026-05-29,MO,73879.62,771.0,6942.06,31641.24,1,1,MO,7009.15,2121349.69
2026-05-30,MO,72437.0,745.0,7004.91,30959.33,1,1,MO,7009.15,2121349.69
2026-05-31,MO,74404.6,737.0,6994.97,30603.86,1,1,MO,7009.15,2121349.69
2026-01-12,NC,71153.36,694.0,7062.1,32178.73,1,1,NC_SC,7006.32,2079247.48
2026-01-13,NC,75414.25,712.0,7016.46,30524.96,1,1,NC_SC,7006.32,2079247.48
2026-01-14,NC,75750.42,754.0,6995.3,31732.81,1,1,NC_SC,7006.32,2079247.48
2026-01-15,NC,73555.56,727.0,6996.53,32064.66,1,1,NC_SC,7006.32,2079247.48
2026-01-16,NC,69534.98,681.0,7104.09,29578.49,1,1,NC_SC,7006.32,2079247.48
2026-01-17,NC,65309.4,642.0,7066.82,26656.36,1,1,NC_SC,7006.32,2079247.48
2026-01-18,NC,66555.41,637.0,7146.24,28073.31,1,1,NC_SC,7006.32,2079247.48
2026-01-19,NC,71801.87,728.0,7140.43,29422.83,1,1,NC_SC,7006.32,2079247.48
2026-01-20,NC,76335.55,751.0,7115.28,33452.95,1,1,NC_SC,7006.32,2079247.48
2026-01-21,NC,80232.55,861.0,7128.21,35074.99,1,1,NC_SC,7006.32,2079247.48
2026-01-22,NC,78438.51,758.0,7038.42,36827.81,1,1,NC_SC,7006.32,2079247.48
2026-01-23,NC,73532.15,788.0,7049.99,31874.01,1,1,NC_SC,7006.32,2079247.48
2026-01-24,NC,68555.51,705.0,7050.08,30548.65,1,1,NC_SC,7006.32,2079247.48
2026-01-25,NC,70761.44,727.0,6995.72,29323.88,1,1,NC_SC,7006.32,2079247.48
2026-01-26,NC,70984.01,686.0,7075.93,29292.44,1,1,NC_SC,7006.32,2079247.48
2026-01-27,NC,75711.39,747.0,6919.01,31494.62,1,1,NC_SC,7006.32,2079247.48
2026-01-28,NC,76424.07,774.0,6937.68,31927.83,1,1,NC_SC,7006.32,2079247.48
2026-01-29,NC,72316.84,717.0,6851.96,29596.07,1,1,NC_SC,7006.32,2079247.48
2026-01-30,NC,66254.97,662.0,6895.53,27132.91,1,1,NC_SC,7006.32,2079247.48
2026-01-31,NC,63509.44,626.0,6956.9,25517.99,1,1,NC_SC,7006.32,2079247.48
2026-02-01,NC,64002.73,669.0,6907.99,25161.91,1,1,NC_SC,7006.32,2079247.48
2026-02-02,NC,65547.38,690.0,6875.07,28141.65,1,1,NC_SC,7006.32,2079247.48
2026-02-03,NC,69697.74,688.0,6926.14,28298.27,1,1,NC_SC,7006.32,2079247.48
2026-02-04,NC,69564.19,702.0,6916.63,29497.65,1,1,NC_SC,7006.32,2079247.48
2026-02-05,NC,67302.0,641.0,6841.96,28500.83,1,1,NC_SC,7006.32,2079247.48
2026-02-06,NC,63276.02,625.0,6779.18,28439.01,1,1,NC_SC,7006.32,2079247.48
2026-02-07,NC,60112.95,565.0,6898.16,25718.33,1,1,NC_SC,7006.32,2079247.48
2026-02-08,NC,59455.28,567.0,6984.83,25259.26,1,1,NC_SC,7006.32,2079247.48
2026-02-09,NC,64378.56,639.0,7079.1,25904.16,1,1,NC_SC,7006.32,2079247.48
2026-02-10,NC,72618.73,701.0,7126.31,29843.56,1,1,NC_SC,7006.32,2079247.48
2026-02-11,NC,72084.88,760.0,7077.15,27976.56,1,1,NC_SC,7006.32,2079247.48
2026-02-12,NC,72464.31,702.0,7051.67,29788.07,1,1,NC_SC,7006.32,2079247.48
2026-02-13,NC,68763.25,656.0,7016.32,28607.15,1,1,NC_SC,7006.32,2079247.48
2026-02-14,NC,67224.78,723.0,7143.14,27079.46,1,1,NC_SC,7006.32,2079247.48
2026-02-15,NC,66158.09,704.0,7107.83,28201.64,1,1,NC_SC,7006.32,2079247.48
2026-02-16,NC,70555.14,758.0,7148.3,29061.67,1,1,NC_SC,7006.32,2079247.48
2026-02-17,NC,77578.0,809.0,7037.89,31702.12,1,1,NC_SC,7006.32,2079247.48
2026-02-18,NC,76407.43,739.0,7041.42,33039.98,1,1,NC_SC,7006.32,2079247.48
2026-02-19,NC,72730.08,710.0,7027.73,29766.75,1,1,NC_SC,7006.32,2079247.48
2026-02-20,NC,66453.24,670.0,7031.78,25888.03,1,1,NC_SC,7006.32,2079247.48
2026-02-21,NC,64743.73,648.0,7020.42,26073.11,1,1,NC_SC,7006.32,2079247.48
2026-02-22,NC,68156.59,657.0,7017.43,29564.62,1,1,NC_SC,7006.32,2079247.48
2026-02-23,NC,72248.56,715.0,7101.02,30027.58,1,1,NC_SC,7006.32,2079247.48
2026-02-24,NC,75286.65,748.0,6931.86,28918.85,1,1,NC_SC,7006.32,2079247.48
2026-02-25,NC,77144.41,773.0,6968.86,31108.94,1,1,NC_SC,7006.32,2079247.48
2026-02-26,NC,73636.26,746.0,6979.92,34172.57,1,1,NC_SC,7006.32,2079247.48
2026-02-27,NC,70016.14,755.0,6926.96,29946.42,1,1,NC_SC,7006.32,2079247.48
2026-02-28,NC,68613.29,668.0,6852.17,29505.33,1,1,NC_SC,7006.32,2079247.48
2026-03-01,NC,70372.32,701.0,6879.99,28768.48,1,1,NC_SC,7006.32,2079247.48
2026-03-02,NC,72678.68,694.0,6912.86,32632.9,1,1,NC_SC,7006.32,2079247.48
2026-03-03,NC,77963.25,731.0,6917.96,32776.11,1,1,NC_SC,7006.32,2079247.48
2026-03-04,NC,78759.07,782.0,6909.27,33113.61,1,1,NC_SC,7006.32,2079247.48
2026-03-05,NC,74720.88,767.0,6890.7,30115.23,1,1,NC_SC,7006.32,2079247.48
2026-03-06,NC,66606.25,651.0,6973.99,28014.59,1,1,NC_SC,7006.32,2079247.48
2026-03-07,NC,64062.89,640.0,6980.73,28270.41,1,1,NC_SC,7006.32,2079247.48
2026-03-08,NC,64559.56,654.0,6960.34,27665.93,1,1,NC_SC,7006.32,2079247.48
2026-03-09,NC,68387.59,707.0,6943.2,26613.47,1,1,NC_SC,7006.32,2079247.48
2026-03-10,NC,71681.44,692.0,7166.05,29411.92,1,1,NC_SC,7006.32,2079247.48
2026-03-11,NC,72388.53,778.0,7028.03,28415.7,1,1,NC_SC,7006.32,2079247.48
2026-03-12,NC,66660.84,673.0,7077.27,28301.77,1,1,NC_SC,7006.32,2079247.48
2026-03-13,NC,64504.67,664.0,7085.3,25318.91,1,1,NC_SC,7006.32,2079247.48
2026-03-14,NC,62421.02,617.0,7102.49,26629.6,1,1,NC_SC,7006.32,2079247.48
2026-03-15,NC,65740.29,581.0,7170.75,28105.86,1,1,NC_SC,7006.32,2079247.48
2026-03-16,NC,71670.96,678.0,7132.56,29842.6,1,1,NC_SC,7006.32,2079247.48
2026-03-17,NC,76841.87,750.0,7091.92,30965.83,1,1,NC_SC,7006.32,2079247.48
2026-03-18,NC,77700.96,745.0,7089.16,31693.99,1,1,NC_SC,7006.32,2079247.48
2026-03-19,NC,74723.05,779.0,7058.81,31832.78,1,1,NC_SC,7006.32,2079247.48
2026-03-20,NC,73045.96,681.0,7212.33,29809.31,1,1,NC_SC,7006.32,2079247.48
2026-03-21,NC,68280.79,731.0,7031.02,26727.14,1,1,NC_SC,7006.32,2079247.48
2026-03-22,NC,69897.63,702.0,7052.5,27868.49,1,1,NC_SC,7006.32,2079247.48
2026-03-23,NC,87344.14,824.0,6917.72,34262.69,1,1,NC_SC,7006.32,2079247.48
2026-03-24,NC,88303.51,828.0,6992.75,36402.18,1,1,NC_SC,7006.32,2079247.48
2026-03-25,NC,88300.09,949.0,6917.16,34400.49,1,1,NC_SC,7006.32,2079247.48
2026-03-26,NC,85347.92,819.0,6921.22,36415.77,1,1,NC_SC,7006.32,2079247.48
2026-03-27,NC,80343.51,786.0,6982.73,32881.09,1,1,NC_SC,7006.32,2079247.48
2026-03-28,NC,75229.85,787.0,6876.13,30535.9,1,1,NC_SC,7006.32,2079247.48
2026-03-29,NC,77978.41,768.0,6967.06,32088.23,1,1,NC_SC,7006.32,2079247.48
2026-03-30,NC,74126.0,774.0,6895.5,30912.8,1,1,NC_SC,7006.32,2079247.48
2026-03-31,NC,79957.34,858.0,6926.2,31985.23,1,1,NC_SC,7006.32,2079247.48
2026-04-01,NC,78207.21,757.0,6934.53,32567.39,1,1,NC_SC,7006.32,2079247.48
2026-04-02,NC,74954.07,697.0,6868.55,30971.82,1,1,NC_SC,7006.32,2079247.48
2026-04-03,NC,73337.97,694.0,6878.38,31293.53,1,1,NC_SC,7006.32,2079247.48
2026-04-04,NC,69409.71,680.0,6985.22,27617.92,1,1,NC_SC,7006.32,2079247.48
2026-04-05,NC,70450.71,703.0,6958.56,27160.75,1,1,NC_SC,7006.32,2079247.48
2026-04-06,NC,74651.3,760.0,6947.48,31783.75,1,1,NC_SC,7006.32,2079247.48
2026-04-07,NC,77096.17,725.0,6984.33,33306.8,1,1,NC_SC,7006.32,2079247.48
2026-04-08,NC,79245.29,812.0,7026.0,34098.63,1,1,NC_SC,7006.32,2079247.48
2026-04-09,NC,79847.85,838.0,7051.59,31359.52,1,1,NC_SC,7006.32,2079247.48
2026-04-10,NC,75456.92,776.0,7080.76,33378.13,1,1,NC_SC,7006.32,2079247.48
2026-04-11,NC,72475.58,737.0,7086.86,30326.18,1,1,NC_SC,7006.32,2079247.48
2026-04-12,NC,71981.92,689.0,7046.77,31760.45,1,1,NC_SC,7006.32,2079247.48
2026-04-13,NC,73959.05,689.0,7103.87,28874.59,1,1,NC_SC,7006.32,2079247.48
2026-04-14,NC,77449.97,839.0,7049.97,33529.33,1,1,NC_SC,7006.32,2079247.48
2026-04-15,NC,77232.89,776.0,7106.59,31156.19,1,1,NC_SC,7006.32,2079247.48
2026-04-16,NC,77479.77,763.0,7139.24,31666.07,1,1,NC_SC,7006.32,2079247.48
2026-04-17,NC,72825.81,761.0,7042.05,29817.82,1,1,NC_SC,7006.32,2079247.48
2026-04-18,NC,69562.41,670.0,6976.5,29776.98,1,1,NC_SC,7006.32,2079247.48
2026-04-19,NC,70156.65,736.0,6993.53,31093.13,1,1,NC_SC,7006.32,2079247.48
2026-04-20,NC,73844.14,713.0,6987.17,30843.91,1,1,NC_SC,7006.32,2079247.48
2026-04-21,NC,79147.23,798.0,7042.52,32485.99,1,1,NC_SC,7006.32,2079247.48
2026-04-22,NC,80839.77,809.0,6986.58,34760.29,1,1,NC_SC,7006.32,2079247.48
2026-04-23,NC,80176.28,837.0,6837.96,32889.84,1,1,NC_SC,7006.32,2079247.48
2026-04-24,NC,74320.6,734.0,6945.28,31185.01,1,1,NC_SC,7006.32,2079247.48
2026-04-25,NC,70234.47,662.0,6951.98,29396.89,1,1,NC_SC,7006.32,2079247.48
2026-04-26,NC,69612.95,702.0,6847.73,28622.83,1,1,NC_SC,7006.32,2079247.48
2026-04-27,NC,74827.55,756.0,6912.14,31779.62,1,1,NC_SC,7006.32,2079247.48
2026-04-28,NC,79731.92,785.0,6958.68,33968.28,1,1,NC_SC,7006.32,2079247.48
2026-04-29,NC,77460.8,754.0,6917.16,31885.4,1,1,NC_SC,7006.32,2079247.48
2026-04-30,NC,76601.96,765.0,6938.93,30713.69,1,1,NC_SC,7006.32,2079247.48
2026-05-01,NC,76533.65,801.0,6842.88,29837.07,1,1,NC_SC,7006.32,2079247.48
2026-05-02,NC,75091.67,712.0,7015.94,32208.29,1,1,NC_SC,7006.32,2079247.48
2026-05-03,NC,73330.35,758.0,7036.38,29982.25,1,1,NC_SC,7006.32,2079247.48
2026-05-04,NC,75696.4,756.0,6939.57,30714.82,1,1,NC_SC,7006.32,2079247.48
2026-05-05,NC,81750.56,863.0,7092.12,34963.2,1,1,NC_SC,7006.32,2079247.48
2026-05-06,NC,82626.46,825.0,7055.96,33896.73,1,1,NC_SC,7006.32,2079247.48
2026-05-07,NC,79884.53,801.0,7145.69,31378.24,1,1,NC_SC,7006.32,2079247.48
2026-05-08,NC,75526.61,777.0,7148.45,32432.13,1,1,NC_SC,7006.32,2079247.48
2026-05-09,NC,71255.27,739.0,7144.68,29062.53,1,1,NC_SC,7006.32,2079247.48
2026-05-10,NC,74565.65,726.0,7156.56,32716.65,1,1,NC_SC,7006.32,2079247.48
2026-05-11,NC,78207.79,753.0,7079.68,35899.15,1,1,NC_SC,7006.32,2079247.48
2026-05-12,NC,80043.84,773.0,7046.89,32285.45,1,1,NC_SC,7006.32,2079247.48
2026-05-13,NC,78841.18,759.0,7060.95,32398.99,1,1,NC_SC,7006.32,2079247.48
2026-05-14,NC,75641.11,810.0,7004.09,32461.88,1,1,NC_SC,7006.32,2079247.48
2026-05-15,NC,71354.22,683.0,7086.08,28597.3,1,1,NC_SC,7006.32,2079247.48
2026-05-16,NC,68811.06,662.0,7109.47,27997.6,1,1,NC_SC,7006.32,2079247.48
2026-05-17,NC,70963.6,738.0,6960.93,29304.06,1,1,NC_SC,7006.32,2079247.48
2026-05-18,NC,73955.18,757.0,7007.85,31931.76,1,1,NC_SC,7006.32,2079247.48
2026-05-19,NC,78480.18,768.0,7022.55,33935.66,1,1,NC_SC,7006.32,2079247.48
2026-05-20,NC,78418.34,802.0,6987.63,30810.03,1,1,NC_SC,7006.32,2079247.48
2026-05-21,NC,74068.38,707.0,6945.99,30888.26,1,1,NC_SC,7006.32,2079247.48
2026-05-22,NC,67466.07,673.0,6924.52,26473.1,1,1,NC_SC,7006.32,2079247.48
2026-05-23,NC,63931.6,661.0,6886.72,25932.42,1,1,NC_SC,7006.32,2079247.48
2026-05-24,NC,65723.96,652.0,6901.3,27344.29,1,1,NC_SC,7006.32,2079247.48
2026-05-25,NC,72269.03,742.0,6788.47,29100.74,1,1,NC_SC,7006.32,2079247.48
2026-05-26,NC,75746.71,751.0,6955.82,34114.11,1,1,NC_SC,7006.32,2079247.48
2026-05-27,NC,77626.56,774.0,6875.23,33400.35,1,1,NC_SC,7006.32,2079247.48
2026-05-28,NC,76093.17,770.0,6937.03,33822.02,1,1,NC_SC,7006.32,2079247.48
2026-05-29,NC,71246.48,707.0,6948.1,29863.17,1,1,NC_SC,7006.32,2079247.48
2026-05-30,NC,68542.18,693.0,6926.77,28037.04,1,1,NC_SC,7006.32,2079247.48
2026-05-31,NC,70511.36,679.0,7037.96,30923.64,1,1,NC_SC,7006.32,2079247.48
2026-01-12,NV,17011.15,166.0,1789.23,7067.71,1,1,NV,1799.93,585013.64
2026-01-13,NV,15602.28,156.0,1799.45,6383.46,1,1,NV,1799.93,585013.64
2026-01-14,NV,17110.73,170.0,1824.64,6678.17,1,1,NV,1799.93,585013.64
2026-01-15,NV,16983.95,167.0,1837.69,7456.95,1,1,NV,1799.93,585013.64
2026-01-16,NV,21871.11,223.0,1830.44,8818.0,1,1,NV,1799.93,585013.64
2026-01-17,NV,16413.64,165.0,1840.96,6468.5,1,1,NV,1799.93,585013.64
2026-01-18,NV,21281.4,208.0,1798.28,8740.25,1,1,NV,1799.93,585013.64
2026-01-19,NV,23068.01,224.0,1813.65,9588.21,1,1,NV,1799.93,585013.64
2026-01-20,NV,23874.84,227.0,,10276.33,1,1,NV,1799.93,585013.64
2026-01-21,NV,24421.36,229.0,1830.22,10229.95,1,1,NV,1799.93,585013.64
2026-01-22,NV,21239.31,220.0,1799.19,8761.11,1,1,NV,1799.93,585013.64
2026-01-23,NV,17122.01,169.0,1801.46,6913.42,1,1,NV,1799.93,585013.64
2026-01-24,NV,16378.83,170.0,1792.25,6643.79,1,1,NV,1799.93,585013.64
2026-01-25,NV,18740.95,193.0,1802.07,7609.77,1,1,NV,1799.93,585013.64
2026-01-26,NV,21251.84,207.0,1788.48,8678.81,1,1,NV,1799.93,585013.64
2026-01-27,NV,15012.18,148.0,1776.14,6197.8,1,1,NV,1799.93,585013.64
2026-01-28,NV,14499.2,157.0,1790.81,6632.97,1,1,NV,1799.93,585013.64
2026-01-29,NV,22170.06,212.0,1790.87,9198.15,1,1,NV,1799.93,585013.64
2026-01-30,NV,22028.64,212.0,1770.61,9619.43,1,1,NV,1799.93,585013.64
2026-01-31,NV,16598.43,171.0,1772.23,7178.74,1,1,NV,1799.93,585013.64
2026-02-01,NV,22053.1,233.0,1788.74,9208.89,1,1,NV,1799.93,585013.64
2026-02-02,NV,18858.77,175.0,1756.69,7822.16,1,1,NV,1799.93,585013.64
2026-02-03,NV,18380.9,177.0,1773.4,7712.61,1,1,NV,1799.93,585013.64
2026-02-04,NV,47509.11,449.0,1769.49,21037.34,1,1,NV,1799.93,585013.64
2026-02-05,NV,19408.63,190.0,1752.06,8673.85,1,1,NV,1799.93,585013.64
2026-02-06,NV,18583.45,183.0,1812.02,7470.74,1,1,NV,1799.93,585013.64
2026-02-07,NV,17660.23,168.0,1792.13,6850.53,1,1,NV,1799.93,585013.64
2026-02-08,NV,13784.53,136.0,1810.58,5612.02,1,1,NV,1799.93,585013.64
2026-02-09,NV,16327.34,172.0,1766.27,6740.28,1,1,NV,1799.93,585013.64
2026-02-10,NV,17606.23,,1796.62,7621.29,1,1,NV,1799.93,585013.64
2026-02-11,NV,15764.64,169.0,1815.66,6594.16,1,1,NV,1799.93,585013.64
2026-02-12,NV,19086.17,189.0,1824.87,8060.78,1,1,NV,1799.93,585013.64
2026-02-13,NV,23388.23,219.0,1817.25,9410.03,1,1,NV,1799.93,585013.64
2026-02-14,NV,25890.21,262.0,1817.8,11628.18,1,1,NV,1799.93,585013.64
2026-02-15,NV,26900.08,278.0,1857.2,12070.18,1,1,NV,1799.93,585013.64
2026-02-16,NV,25065.07,247.0,1829.5,11039.73,1,1,NV,1799.93,585013.64
2026-02-17,NV,21756.62,201.0,1831.45,8902.67,1,1,NV,1799.93,585013.64
2026-02-18,NV,18213.78,187.0,1819.96,7595.39,1,1,NV,1799.93,585013.64
2026-02-19,NV,15409.44,165.0,1842.74,6421.06,1,1,NV,1799.93,585013.64
2026-02-20,NV,16915.12,165.0,,7234.3,1,1,NV,1799.93,585013.64
2026-02-21,NV,15375.72,147.0,1787.99,5861.84,1,1,NV,1799.93,585013.64
2026-02-22,NV,17391.19,178.0,1803.08,7606.41,1,1,NV,1799.93,585013.64
2026-02-23,NV,18089.89,177.0,1795.96,7802.12,1,1,NV,1799.93,585013.64
2026-02-24,NV,18721.52,189.0,1797.84,7622.96,1,1,NV,1799.93,585013.64
2026-02-25,NV,19202.97,195.0,1791.03,7775.52,1,1,NV,1799.93,585013.64
2026-02-26,NV,23207.2,245.0,1756.35,8837.28,1,1,NV,1799.93,585013.64
2026-02-27,NV,17781.8,190.0,1771.7,7596.13,1,1,NV,1799.93,585013.64
2026-02-28,NV,17760.5,199.0,1782.2,7427.43,1,1,NV,1799.93,585013.64
2026-03-01,NV,18435.15,186.0,1766.05,7808.33,1,1,NV,1799.93,585013.64
2026-03-02,NV,22246.88,221.0,1784.26,9277.29,1,1,NV,1799.93,585013.64
2026-03-03,NV,20871.03,206.0,1773.59,8682.39,1,1,NV,1799.93,585013.64
2026-03-04,NV,20596.43,202.0,1793.16,8464.32,1,1,NV,1799.93,585013.64
2026-03-05,NV,16801.31,170.0,1797.17,7176.33,1,1,NV,1799.93,585013.64
2026-03-06,NV,11122.37,121.0,1776.38,4535.41,1,1,NV,1799.93,585013.64
2026-03-07,NV,10200.72,106.0,1803.72,4417.73,1,1,NV,1799.93,585013.64
2026-03-08,NV,16022.49,162.0,1777.88,7153.2,1,1,NV,1799.93,585013.64
2026-03-09,NV,14833.62,148.0,1814.27,6305.28,1,1,NV,1799.93,585013.64
2026-03-10,NV,12856.06,,1794.28,4923.82,1,1,NV,1799.93,585013.64
2026-03-11,NV,18296.09,177.0,1808.41,7587.41,1,1,NV,1799.93,585013.64
2026-03-12,NV,17704.75,176.0,1814.36,7513.76,1,1,NV,1799.93,585013.64
2026-03-13,NV,53998.83,542.0,1827.8,23215.83,1,1,NV,1799.93,585013.64
2026-03-14,NV,14211.38,154.0,1818.97,6021.81,1,1,NV,1799.93,585013.64
2026-03-15,NV,18467.28,190.0,1841.98,7897.89,1,1,NV,1799.93,585013.64
2026-03-16,NV,17888.81,179.0,1831.5,6561.41,1,1,NV,1799.93,585013.64
2026-03-17,NV,19925.56,191.0,1831.47,8446.07,1,1,NV,1799.93,585013.64
2026-03-18,NV,18309.46,192.0,1834.35,8165.13,1,1,NV,1799.93,585013.64
2026-03-19,NV,17930.77,173.0,1815.77,7511.94,1,1,NV,1799.93,585013.64
2026-03-20,NV,20665.51,202.0,1808.78,8465.68,1,1,NV,1799.93,585013.64
2026-03-21,NV,17973.82,192.0,1830.56,7808.16,1,1,NV,1799.93,585013.64
2026-03-22,NV,19112.28,180.0,1788.46,7914.47,1,1,NV,1799.93,585013.64
2026-03-23,NV,28352.31,288.0,1767.64,11971.91,1,1,NV,1799.93,585013.64
2026-03-24,NV,26045.23,248.0,1790.68,10166.19,1,1,NV,1799.93,585013.64
2026-03-25,NV,24348.45,240.0,1828.4,10102.59,1,1,NV,1799.93,585013.64
2026-03-26,NV,24703.59,245.0,1790.04,10256.48,1,1,NV,1799.93,585013.64
2026-03-27,NV,16650.34,164.0,1810.03,7236.61,1,1,NV,1799.93,585013.64
2026-03-28,NV,20335.15,226.0,1786.96,8518.92,1,1,NV,1799.93,585013.64
2026-03-29,NV,23265.39,234.0,1762.52,9873.66,1,1,NV,1799.93,585013.64
2026-03-30,NV,20898.83,230.0,1776.05,8340.76,1,1,NV,1799.93,585013.64
2026-03-31,NV,18968.93,191.0,1761.77,8224.98,1,1,NV,1799.93,585013.64
2026-04-01,NV,13511.72,127.0,1765.88,6081.64,1,1,NV,1799.93,585013.64
2026-04-02,NV,11891.61,116.0,1762.08,5019.41,1,1,NV,1799.93,585013.64
2026-04-03,NV,8949.49,94.0,1783.47,3894.13,1,1,NV,1799.93,585013.64
2026-04-04,NV,9082.91,86.0,1787.41,3732.32,1,1,NV,1799.93,585013.64
2026-04-05,NV,7161.21,76.0,1817.47,3027.12,1,1,NV,1799.93,585013.64
2026-04-06,NV,11498.12,110.0,1804.93,4843.2,1,1,NV,1799.93,585013.64
2026-04-07,NV,11506.41,120.0,1796.72,4958.74,1,1,NV,1799.93,585013.64
2026-04-08,NV,13871.8,140.0,1814.6,5955.25,1,1,NV,1799.93,585013.64
2026-04-09,NV,16526.04,167.0,1804.75,7121.41,1,1,NV,1799.93,585013.64
2026-04-10,NV,24850.15,258.0,1813.05,10567.73,1,1,NV,1799.93,585013.64
2026-04-11,NV,18817.07,188.0,1817.16,8675.7,1,1,NV,1799.93,585013.64
2026-04-12,NV,16082.82,155.0,1848.66,6635.39,1,1,NV,1799.93,585013.64
2026-04-13,NV,17040.93,170.0,1832.94,7313.08,1,1,NV,1799.93,585013.64
2026-04-14,NV,21118.23,206.0,1821.45,8574.32,1,1,NV,1799.93,585013.64
2026-04-15,NV,19777.99,199.0,1850.31,8561.75,1,1,NV,1799.93,585013.64
2026-04-16,NV,20978.14,207.0,1810.46,8586.02,1,1,NV,1799.93,585013.64
2026-04-17,NV,16037.24,153.0,1816.79,7477.45,1,1,NV,1799.93,585013.64
2026-04-18,NV,16495.76,171.0,1818.97,6895.41,1,1,NV,1799.93,585013.64
2026-04-19,NV,21505.17,220.0,1794.53,8827.57,1,1,NV,1799.93,585013.64
2026-04-20,NV,19819.46,197.0,,7983.5,1,1,NV,1799.93,585013.64
2026-04-21,NV,20480.48,203.0,1790.11,8241.06,1,1,NV,1799.93,585013.64
2026-04-22,NV,19691.59,197.0,1791.65,8364.43,1,1,NV,1799.93,585013.64
2026-04-23,NV,20954.07,222.0,1783.15,8276.29,1,1,NV,1799.93,585013.64
2026-04-24,NV,22686.11,221.0,1773.8,10079.88,1,1,NV,1799.93,585013.64
2026-04-25,NV,26912.33,266.0,1777.24,11769.51,1,1,NV,1799.93,585013.64
2026-04-26,NV,26514.15,260.0,1772.86,11280.54,1,1,NV,1799.93,585013.64
2026-04-27,NV,22169.12,231.0,1767.36,10014.73,1,1,NV,1799.93,585013.64
2026-04-28,NV,23989.42,222.0,1759.58,10296.96,1,1,NV,1799.93,585013.64
2026-04-29,NV,20061.48,196.0,1761.47,8615.71,1,1,NV,1799.93,585013.64
2026-04-30,NV,16824.54,178.0,1757.55,7248.69,1,1,NV,1799.93,585013.64
2026-05-01,NV,17835.17,184.0,1778.16,7370.72,1,1,NV,1799.93,585013.64
2026-05-02,NV,13826.79,139.0,1758.62,6484.4,1,1,NV,1799.93,585013.64
2026-05-03,NV,43712.54,452.0,1786.98,19279.66,1,1,NV,1799.93,585013.64
2026-05-04,NV,12042.72,122.0,1799.7,5232.84,1,1,NV,1799.93,585013.64
2026-05-05,NV,16638.54,171.0,1807.64,6661.97,1,1,NV,1799.93,585013.64
2026-05-06,NV,22205.17,223.0,1823.79,9667.83,1,1,NV,1799.93,585013.64
2026-05-07,NV,19573.75,195.0,1815.06,7519.6,1,1,NV,1799.93,585013.64
2026-05-08,NV,22398.76,228.0,1804.8,9151.13,1,1,NV,1799.93,585013.64
2026-05-09,NV,14042.7,145.0,1824.58,5706.68,1,1,NV,1799.93,585013.64
2026-05-10,NV,18531.45,185.0,1822.75,7802.22,1,1,NV,1799.93,585013.64
2026-05-11,NV,22599.15,223.0,1843.2,9185.25,1,1,NV,1799.93,585013.64
2026-05-12,NV,23780.83,242.0,1812.61,9833.67,1,1,NV,1799.93,585013.64
2026-05-13,NV,23472.65,230.0,1843.83,9303.68,1,1,NV,1799.93,585013.64
2026-05-14,NV,25796.19,239.0,1814.15,10528.47,1,1,NV,1799.93,585013.64
2026-05-15,NV,19320.89,193.0,1803.8,8506.33,1,1,NV,1799.93,585013.64
2026-05-16,NV,50705.62,476.0,1814.79,20864.98,1,1,NV,1799.93,585013.64
2026-05-17,NV,22941.09,223.0,1796.56,10493.07,1,1,NV,1799.93,585013.64
2026-05-18,NV,22512.02,221.0,1785.44,9001.46,1,1,NV,1799.93,585013.64
2026-05-19,NV,17919.23,177.0,1811.24,6824.06,1,1,NV,1799.93,585013.64
2026-05-20,NV,21424.74,212.0,1774.94,8813.04,1,1,NV,1799.93,585013.64
2026-05-21,NV,20626.27,213.0,1790.26,8136.52,1,1,NV,1799.93,585013.64
2026-05-22,NV,20607.99,197.0,1751.34,8203.83,1,1,NV,1799.93,585013.64
2026-05-23,NV,16846.63,169.0,1787.51,7563.45,1,1,NV,1799.93,585013.64
2026-05-24,NV,21671.58,206.0,1777.57,9283.09,1,1,NV,1799.93,585013.64
2026-05-25,NV,23877.57,256.0,1758.08,10032.62,1,1,NV,1799.93,585013.64
2026-05-26,NV,18406.35,194.0,1791.55,7831.57,1,1,NV,1799.93,585013.64
2026-05-27,NV,17951.71,180.0,1784.85,7142.69,1,1,NV,1799.93,585013.64
2026-05-28,NV,15944.59,163.0,1777.83,6641.67,1,1,NV,1799.93,585013.64
2026-05-29,NV,14017.15,135.0,1792.61,5727.34,1,1,NV,1799.93,585013.64
2026-05-30,NV,15753.91,155.0,1804.21,6558.48,1,1,NV,1799.93,585013.64
2026-05-31,NV,23404.39,231.0,1783.32,9899.46,1,1,NV,1799.93,585013.64
2026-01-12,OH,83473.65,835.0,8034.75,33987.62,1,1,OH,8003.53,2432183.37
2026-01-13,OH,88472.58,976.0,8042.36,41009.84,1,1,OH,8003.53,2432183.37
2026-01-14,OH,88631.5,859.0,7939.1,38424.7,1,1,OH,8003.53,2432183.37
2026-01-15,OH,86341.38,873.0,8091.12,35247.23,1,1,OH,8003.53,2432183.37
2026-01-16,OH,80809.07,789.0,8196.19,33749.04,1,1,OH,8003.53,2432183.37
2026-01-17,OH,72288.13,783.0,8115.56,31164.83,1,1,OH,8003.53,2432183.37
2026-01-18,OH,74417.39,726.0,8114.99,31488.78,1,1,OH,8003.53,2432183.37
2026-01-19,OH,77837.12,784.0,8140.87,34185.35,1,1,OH,8003.53,2432183.37
2026-01-20,OH,80671.68,796.0,8072.45,33316.07,1,1,OH,8003.53,2432183.37
2026-01-21,OH,83380.6,822.0,8088.42,35063.07,1,1,OH,8003.53,2432183.37
2026-01-22,OH,83900.62,801.0,8170.25,37363.03,1,1,OH,8003.53,2432183.37
2026-01-23,OH,78928.17,823.0,8223.29,31934.73,1,1,OH,8003.53,2432183.37
2026-01-24,OH,73890.07,742.0,7988.6,29672.1,1,1,OH,8003.53,2432183.37
2026-01-25,OH,80412.55,773.0,8003.43,33633.36,1,1,OH,8003.53,2432183.37
2026-01-26,OH,82365.35,804.0,8070.65,34470.86,1,1,OH,8003.53,2432183.37
2026-01-27,OH,84581.81,828.0,7978.01,34399.52,1,1,OH,8003.53,2432183.37
2026-01-28,OH,87255.12,810.0,7931.76,39685.71,1,1,OH,8003.53,2432183.37
2026-01-29,OH,84356.59,895.0,7968.03,34112.95,1,1,OH,8003.53,2432183.37
2026-01-30,OH,78559.78,744.0,7871.59,33530.7,1,1,OH,8003.53,2432183.37
2026-01-31,OH,75574.67,782.0,7787.66,33520.52,1,1,OH,8003.53,2432183.37
2026-02-01,OH,76646.75,754.0,7807.83,33741.25,1,1,OH,8003.53,2432183.37
2026-02-02,OH,79225.45,830.0,7825.19,31966.47,1,1,OH,8003.53,2432183.37
2026-02-03,OH,83983.22,809.0,7738.08,34115.48,1,1,OH,8003.53,2432183.37
2026-02-04,OH,82720.54,890.0,8011.58,32901.61,1,1,OH,8003.53,2432183.37
2026-02-05,OH,80880.49,776.0,7876.86,35322.24,1,1,OH,8003.53,2432183.37
2026-02-06,OH,74755.88,733.0,7936.09,32228.45,1,1,OH,8003.53,2432183.37
2026-02-07,OH,68894.2,695.0,7851.69,28683.59,1,1,OH,8003.53,2432183.37
2026-02-08,OH,70452.54,729.0,8030.65,27161.59,1,1,OH,8003.53,2432183.37
2026-02-09,OH,77472.38,745.0,8045.41,31712.74,1,1,OH,8003.53,2432183.37
2026-02-10,OH,84105.88,880.0,7952.25,32808.97,1,1,OH,8003.53,2432183.37
2026-02-11,OH,83465.52,831.0,8146.93,35103.71,1,1,OH,8003.53,2432183.37
2026-02-12,OH,83195.37,820.0,8007.11,37073.37,1,1,OH,8003.53,2432183.37
2026-02-13,OH,74727.4,781.0,8123.61,29704.67,1,1,OH,8003.53,2432183.37
2026-02-14,OH,71766.35,696.0,8243.24,31805.75,1,1,OH,8003.53,2432183.37
2026-02-15,OH,76701.59,808.0,8013.1,32161.09,1,1,OH,8003.53,2432183.37
2026-02-16,OH,80326.76,768.0,8148.82,33491.84,1,1,OH,8003.53,2432183.37
2026-02-17,OH,86214.19,904.0,8172.08,34568.34,1,1,OH,8003.53,2432183.37
2026-02-18,OH,87138.32,808.0,8128.26,35992.91,1,1,OH,8003.53,2432183.37
2026-02-19,OH,82642.45,865.0,8212.22,33719.63,1,1,OH,8003.53,2432183.37
2026-02-20,OH,78956.47,805.0,8022.25,34220.16,1,1,OH,8003.53,2432183.37
2026-02-21,OH,82448.12,836.0,8064.3,34589.31,1,1,OH,8003.53,2432183.37
2026-02-22,OH,83835.67,817.0,8083.74,35857.03,1,1,OH,8003.53,2432183.37
2026-02-23,OH,87160.68,877.0,8030.66,34592.46,1,1,OH,8003.53,2432183.37
2026-02-24,OH,91485.62,858.0,8041.52,34753.45,1,1,OH,8003.53,2432183.37
2026-02-25,OH,89824.59,943.0,8055.71,38057.02,1,1,OH,8003.53,2432183.37
2026-02-26,OH,88509.76,836.0,7958.27,36187.51,1,1,OH,8003.53,2432183.37
2026-02-27,OH,81293.78,831.0,7878.14,32917.43,1,1,OH,8003.53,2432183.37
2026-02-28,OH,76562.85,723.0,7900.6,32541.27,1,1,OH,8003.53,2432183.37
2026-03-01,OH,80338.62,770.0,7895.34,34062.04,1,1,OH,8003.53,2432183.37
2026-03-02,OH,81040.95,798.0,7785.52,34039.84,1,1,OH,8003.53,2432183.37
2026-03-03,OH,87248.71,865.0,7992.9,34019.08,1,1,OH,8003.53,2432183.37
2026-03-04,OH,88378.72,867.0,7863.61,36927.3,1,1,OH,8003.53,2432183.37
2026-03-05,OH,84468.31,847.0,7821.38,35565.75,1,1,OH,8003.53,2432183.37
2026-03-06,OH,77865.01,763.0,7862.46,34157.45,1,1,OH,8003.53,2432183.37
2026-03-07,OH,76229.36,697.0,7943.74,33726.46,1,1,OH,8003.53,2432183.37
2026-03-08,OH,78272.93,799.0,7968.28,30229.38,1,1,OH,8003.53,2432183.37
2026-03-09,OH,81633.43,839.0,8007.15,34268.09,1,1,OH,8003.53,2432183.37
2026-03-10,OH,85682.49,915.0,8136.11,34653.55,1,1,OH,8003.53,2432183.37
2026-03-11,OH,87859.8,882.0,8006.71,35696.81,1,1,OH,8003.53,2432183.37
2026-03-12,OH,82459.62,855.0,8145.63,36456.57,1,1,OH,8003.53,2432183.37
2026-03-13,OH,78785.43,767.0,8213.63,33421.1,1,1,OH,8003.53,2432183.37
2026-03-14,OH,77592.28,766.0,8173.47,32173.71,1,1,OH,8003.53,2432183.37
2026-03-15,OH,78163.1,767.0,8074.03,35971.05,1,1,OH,8003.53,2432183.37
2026-03-16,OH,80151.44,745.0,8120.56,31613.15,1,1,OH,8003.53,2432183.37
2026-03-17,OH,85332.56,812.0,8098.76,37454.2,1,1,OH,8003.53,2432183.37
2026-03-18,OH,87022.45,825.0,8042.22,37476.74,1,1,OH,8003.53,2432183.37
2026-03-19,OH,84220.53,890.0,8097.54,35146.1,1,1,OH,8003.53,2432183.37
2026-03-20,OH,81564.45,782.0,8020.67,34905.15,1,1,OH,8003.53,2432183.37
2026-03-21,OH,76974.82,780.0,8080.18,31919.49,1,1,OH,8003.53,2432183.37
2026-03-22,OH,75966.73,761.0,8045.8,30506.17,1,1,OH,8003.53,2432183.37
2026-03-23,OH,97463.64,1016.0,8042.07,42087.64,1,1,OH,8003.53,2432183.37
2026-03-24,OH,100686.02,1003.0,8038.46,41529.47,1,1,OH,8003.53,2432183.37
2026-03-25,OH,103616.12,1044.0,7888.72,45562.96,1,1,OH,8003.53,2432183.37
2026-03-26,OH,98341.51,1011.0,7880.75,41779.78,1,1,OH,8003.53,2432183.37
2026-03-27,OH,92294.7,906.0,7958.53,39907.31,1,1,OH,8003.53,2432183.37
2026-03-28,OH,89790.84,876.0,7867.37,37860.42,1,1,OH,8003.53,2432183.37
2026-03-29,OH,92098.46,981.0,7823.57,38965.13,1,1,OH,8003.53,2432183.37
2026-03-30,OH,86073.47,880.0,7868.4,35321.93,1,1,OH,8003.53,2432183.37
2026-03-31,OH,90887.96,926.0,7895.56,41699.97,1,1,OH,8003.53,2432183.37
2026-04-01,OH,90526.83,884.0,7865.57,40554.21,1,1,OH,8003.53,2432183.37
2026-04-02,OH,86310.84,922.0,7845.88,34415.79,1,1,OH,8003.53,2432183.37
2026-04-03,OH,82950.51,838.0,7948.25,37599.58,1,1,OH,8003.53,2432183.37
2026-04-04,OH,79833.02,808.0,7924.73,32313.74,1,1,OH,8003.53,2432183.37
2026-04-05,OH,79925.9,778.0,7944.47,34099.65,1,1,OH,8003.53,2432183.37
2026-04-06,OH,81924.56,806.0,7920.39,38096.54,1,1,OH,8003.53,2432183.37
2026-04-07,OH,85952.35,879.0,7955.82,38130.15,1,1,OH,8003.53,2432183.37
2026-04-08,OH,88673.39,842.0,8092.33,40006.47,1,1,OH,8003.53,2432183.37
2026-04-09,OH,88118.93,782.0,8068.59,38778.17,1,1,OH,8003.53,2432183.37
2026-04-10,OH,79899.66,790.0,8187.83,31918.49,1,1,OH,8003.53,2432183.37
2026-04-11,OH,79041.08,747.0,8158.59,34151.03,1,1,OH,8003.53,2432183.37
2026-04-12,OH,80091.69,856.0,8129.89,33968.83,1,1,OH,8003.53,2432183.37
2026-04-13,OH,81969.16,838.0,8118.12,33944.07,1,1,OH,8003.53,2432183.37
2026-04-14,OH,88159.28,892.0,8215.25,38209.66,1,1,OH,8003.53,2432183.37
2026-04-15,OH,87210.39,881.0,8094.34,38182.38,1,1,OH,8003.53,2432183.37
2026-04-16,OH,85440.07,840.0,8126.53,33246.4,1,1,OH,8003.53,2432183.37
2026-04-17,OH,79965.88,791.0,8155.15,32546.23,1,1,OH,8003.53,2432183.37
2026-04-18,OH,76847.26,774.0,8082.39,31050.24,1,1,OH,8003.53,2432183.37
2026-04-19,OH,74781.84,761.0,8017.95,31881.47,1,1,OH,8003.53,2432183.37
2026-04-20,OH,82150.42,797.0,7950.3,34681.44,1,1,OH,8003.53,2432183.37
2026-04-21,OH,83828.61,818.0,7988.01,35178.13,1,1,OH,8003.53,2432183.37
2026-04-22,OH,88255.69,896.0,7825.85,36216.47,1,1,OH,8003.53,2432183.37
2026-04-23,OH,89564.94,883.0,7936.67,39243.46,1,1,OH,8003.53,2432183.37
2026-04-24,OH,80475.55,842.0,7855.14,33906.6,1,1,OH,8003.53,2432183.37
2026-04-25,OH,76340.72,717.0,7869.43,33724.05,1,1,OH,8003.53,2432183.37
2026-04-26,OH,74858.68,799.0,7837.91,29306.74,1,1,OH,8003.53,2432183.37
2026-04-27,OH,83118.58,870.0,7903.73,33540.14,1,1,OH,8003.53,2432183.37
2026-04-28,OH,90198.46,837.0,7850.49,38711.67,1,1,OH,8003.53,2432183.37
2026-04-29,OH,89092.59,888.0,7852.27,34294.9,1,1,OH,8003.53,2432183.37
2026-04-30,OH,87528.49,897.0,7924.32,33667.56,1,1,OH,8003.53,2432183.37
2026-05-01,OH,86459.36,850.0,7842.67,37620.6,1,1,OH,8003.53,2432183.37
2026-05-02,OH,84861.43,904.0,7854.91,34708.24,1,1,OH,8003.53,2432183.37
2026-05-03,OH,87713.74,889.0,7894.42,39011.9,1,1,OH,8003.53,2432183.37
2026-05-04,OH,91014.64,896.0,8021.53,35885.23,1,1,OH,8003.53,2432183.37
2026-05-05,OH,98414.62,1019.0,8069.43,37535.84,1,1,OH,8003.53,2432183.37
2026-05-06,OH,98228.95,1009.0,8067.91,40529.89,1,1,OH,8003.53,2432183.37
2026-05-07,OH,96694.23,946.0,8087.33,41231.39,1,1,OH,8003.53,2432183.37
2026-05-08,OH,92664.87,882.0,8029.16,39768.76,1,1,OH,8003.53,2432183.37
2026-05-09,OH,83507.28,877.0,8130.51,33519.91,1,1,OH,8003.53,2432183.37
2026-05-10,OH,84193.85,863.0,8101.97,35037.94,1,1,OH,8003.53,2432183.37
2026-05-11,OH,88541.9,874.0,8091.57,37935.92,1,1,OH,8003.53,2432183.37
2026-05-12,OH,92746.55,919.0,8057.47,40390.44,1,1,OH,8003.53,2432183.37
2026-05-13,OH,94498.82,949.0,8100.82,42140.4,1,1,OH,8003.53,2432183.37
2026-05-14,OH,91695.45,937.0,8080.45,39285.02,1,1,OH,8003.53,2432183.37
2026-05-15,OH,85045.04,772.0,8129.27,34441.07,1,1,OH,8003.53,2432183.37
2026-05-16,OH,80326.61,806.0,8036.12,30682.81,1,1,OH,8003.53,2432183.37
2026-05-17,OH,82168.11,750.0,8062.38,33779.83,1,1,OH,8003.53,2432183.37
2026-05-18,OH,82433.27,837.0,8005.8,33714.89,1,1,OH,8003.53,2432183.37
2026-05-19,OH,87052.81,817.0,7933.11,38981.61,1,1,OH,8003.53,2432183.37
2026-05-20,OH,87893.08,956.0,7950.82,37387.66,1,1,OH,8003.53,2432183.37
2026-05-21,OH,85071.78,921.0,8015.25,35854.54,1,1,OH,8003.53,2432183.37
2026-05-22,OH,78356.66,815.0,7933.16,34936.14,1,1,OH,8003.53,2432183.37
2026-05-23,OH,76346.3,777.0,7828.7,33551.71,1,1,OH,8003.53,2432183.37
2026-05-24,OH,76812.7,713.0,7922.57,30704.92,1,1,OH,8003.53,2432183.37
2026-05-25,OH,82922.6,795.0,7898.88,34969.13,1,1,OH,8003.53,2432183.37
2026-05-26,OH,90810.95,964.0,7885.57,37840.31,1,1,OH,8003.53,2432183.37
2026-05-27,OH,88603.54,906.0,7965.19,38059.98,1,1,OH,8003.53,2432183.37
2026-05-28,OH,87382.89,884.0,7933.96,38971.14,1,1,OH,8003.53,2432183.37
2026-05-29,OH,82814.59,776.0,7932.38,33981.63,1,1,OH,8003.53,2432183.37
2026-05-30,OH,82624.46,904.0,7903.21,35945.28,1,1,OH,8003.53,2432183.37
2026-05-31,OH,83316.82,855.0,7924.45,36255.13,1,1,OH,8003.53,2432183.37
2026-01-12,PA,98211.01,961.0,9517.46,39191.83,1,1,PA,9461.11,2837053.11
2026-01-13,PA,106296.04,1022.0,9519.36,43042.84,1,1,PA,9461.11,2837053.11
2026-01-14,PA,102880.73,1014.0,9575.38,42382.57,1,1,PA,9461.11,2837053.11
2026-01-15,PA,100969.93,948.0,9710.77,42654.94,1,1,PA,9461.11,2837053.11
2026-01-16,PA,90137.51,889.0,9637.89,38398.36,1,1,PA,9461.11,2837053.11
2026-01-17,PA,88256.91,840.0,9682.74,31782.96,1,1,PA,9461.11,2837053.11
2026-01-18,PA,90919.28,862.0,9697.66,36054.05,1,1,PA,9461.11,2837053.11
2026-01-19,PA,100596.21,984.0,9560.91,41260.96,1,1,PA,9461.11,2837053.11
2026-01-20,PA,104996.97,1027.0,9737.14,44495.46,1,1,PA,9461.11,2837053.11
2026-01-21,PA,106941.97,1049.0,9683.57,44405.91,1,1,PA,9461.11,2837053.11
2026-01-22,PA,104428.13,999.0,9515.75,45181.37,1,1,PA,9461.11,2837053.11
2026-01-23,PA,98275.26,933.0,9677.6,39529.53,1,1,PA,9461.11,2837053.11
2026-01-24,PA,89226.29,853.0,9587.36,36913.0,1,1,PA,9461.11,2837053.11
2026-01-25,PA,89600.65,923.0,9624.46,36356.82,1,1,PA,9461.11,2837053.11
2026-01-26,PA,94527.65,914.0,9420.31,38849.14,1,1,PA,9461.11,2837053.11
2026-01-27,PA,97651.03,1028.0,9407.56,39973.84,1,1,PA,9461.11,2837053.11
2026-01-28,PA,99481.94,957.0,9452.78,43000.07,1,1,PA,9461.11,2837053.11
2026-01-29,PA,94980.21,948.0,9449.27,38765.49,1,1,PA,9461.11,2837053.11
2026-01-30,PA,90855.63,922.0,9236.7,38188.61,1,1,PA,9461.11,2837053.11
2026-01-31,PA,85050.43,828.0,9503.54,37060.91,1,1,PA,9461.11,2837053.11
2026-02-01,PA,87405.64,881.0,9433.66,35591.48,1,1,PA,9461.11,2837053.11
2026-02-02,PA,92709.22,943.0,9376.74,37344.02,1,1,PA,9461.11,2837053.11
2026-02-03,PA,97319.4,997.0,9451.14,42104.26,1,1,PA,9461.11,2837053.11
2026-02-04,PA,99520.41,1014.0,9314.4,41901.73,1,1,PA,9461.11,2837053.11
2026-02-05,PA,97612.43,950.0,9380.65,41327.56,1,1,PA,9461.11,2837053.11
2026-02-06,PA,89226.16,905.0,9391.99,38596.03,1,1,PA,9461.11,2837053.11
2026-02-07,PA,81131.35,789.0,9412.36,35686.05,1,1,PA,9461.11,2837053.11
2026-02-08,PA,82853.76,831.0,9530.83,35683.12,1,1,PA,9461.11,2837053.11
2026-02-09,PA,87771.37,854.0,9565.45,36059.45,1,1,PA,9461.11,2837053.11
2026-02-10,PA,96120.76,958.0,9491.56,43815.52,1,1,PA,9461.11,2837053.11
2026-02-11,PA,97528.19,991.0,9577.43,40206.31,1,1,PA,9461.11,2837053.11
2026-02-12,PA,96372.73,968.0,9624.86,43455.42,1,1,PA,9461.11,2837053.11
2026-02-13,PA,90233.59,902.0,9497.77,36995.14,1,1,PA,9461.11,2837053.11
2026-02-14,PA,87625.47,915.0,9640.13,36804.46,1,1,PA,9461.11,2837053.11
2026-02-15,PA,91739.65,879.0,9601.52,37526.74,1,1,PA,9461.11,2837053.11
2026-02-16,PA,99003.86,960.0,9698.96,42893.23,1,1,PA,9461.11,2837053.11
2026-02-17,PA,106924.85,1064.0,9617.83,44191.2,1,1,PA,9461.11,2837053.11
2026-02-18,PA,107659.74,1046.0,9646.79,46024.8,1,1,PA,9461.11,2837053.11
2026-02-19,PA,101865.94,1059.0,9588.13,44186.94,1,1,PA,9461.11,2837053.11
2026-02-20,PA,96415.7,1017.0,9544.49,40707.47,1,1,PA,9461.11,2837053.11
2026-02-21,PA,92571.31,961.0,9489.71,40526.98,1,1,PA,9461.11,2837053.11
2026-02-22,PA,96070.19,967.0,9534.71,39747.01,1,1,PA,9461.11,2837053.11
2026-02-23,PA,102088.59,1049.0,9430.8,43201.85,1,1,PA,9461.11,2837053.11
2026-02-24,PA,106986.7,1095.0,9428.35,39314.08,1,1,PA,9461.11,2837053.11
2026-02-25,PA,105906.08,1033.0,9448.06,44133.07,1,1,PA,9461.11,2837053.11
2026-02-26,PA,103257.85,1037.0,9431.44,41493.62,1,1,PA,9461.11,2837053.11
2026-02-27,PA,97302.67,984.0,9327.11,40441.0,1,1,PA,9461.11,2837053.11
2026-02-28,PA,96568.04,998.0,9326.4,45244.85,1,1,PA,9461.11,2837053.11
2026-03-01,PA,98366.02,954.0,9408.95,41690.18,1,1,PA,9461.11,2837053.11
2026-03-02,PA,105001.12,1084.0,9391.25,42829.53,1,1,PA,9461.11,2837053.11
2026-03-03,PA,104541.2,1047.0,9339.38,41752.91,1,1,PA,9461.11,2837053.11
2026-03-04,PA,105973.72,1114.0,9281.96,44882.14,1,1,PA,9461.11,2837053.11
2026-03-05,PA,99437.91,993.0,9470.83,42365.58,1,1,PA,9461.11,2837053.11
2026-03-06,PA,90035.07,859.0,9461.75,39067.71,1,1,PA,9461.11,2837053.11
2026-03-07,PA,85701.02,890.0,9509.96,35857.98,1,1,PA,9461.11,2837053.11
2026-03-08,PA,89085.59,886.0,9371.33,37405.18,1,1,PA,9461.11,2837053.11
2026-03-09,PA,93974.12,932.0,9450.63,36296.46,1,1,PA,9461.11,2837053.11
2026-03-10,PA,100434.5,1077.0,9471.8,43294.03,1,1,PA,9461.11,2837053.11
2026-03-11,PA,97519.77,990.0,9525.67,42147.95,1,1,PA,9461.11,2837053.11
2026-03-12,PA,93593.44,934.0,9601.58,38033.0,1,1,PA,9461.11,2837053.11
2026-03-13,PA,92568.39,903.0,9687.34,39107.01,1,1,PA,9461.11,2837053.11
2026-03-14,PA,89866.99,894.0,9617.48,38949.03,1,1,PA,9461.11,2837053.11
2026-03-15,PA,90417.73,909.0,9680.8,37687.09,1,1,PA,9461.11,2837053.11
2026-03-16,PA,97749.09,967.0,9756.71,38882.16,1,1,PA,9461.11,2837053.11
2026-03-17,PA,101113.41,1006.0,9647.95,40840.82,1,1,PA,9461.11,2837053.11
2026-03-18,PA,102722.07,1002.0,9673.73,43275.78,1,1,PA,9461.11,2837053.11
2026-03-19,PA,100086.72,958.0,9576.99,41313.67,1,1,PA,9461.11,2837053.11
2026-03-20,PA,99628.82,1095.0,9441.53,39723.95,1,1,PA,9461.11,2837053.11
2026-03-21,PA,94079.13,906.0,9504.98,40800.55,1,1,PA,9461.11,2837053.11
2026-03-22,PA,96054.81,898.0,9466.66,40019.25,1,1,PA,9461.11,2837053.11
2026-03-23,PA,121220.61,1171.0,9454.05,49121.02,1,1,PA,9461.11,2837053.11
2026-03-24,PA,122578.12,1135.0,9588.7,52285.43,1,1,PA,9461.11,2837053.11
2026-03-25,PA,121520.5,1155.0,9568.55,55031.83,1,1,PA,9461.11,2837053.11
2026-03-26,PA,116424.32,1250.0,9397.11,47707.92,1,1,PA,9461.11,2837053.11
2026-03-27,PA,114835.91,1138.0,9419.26,49587.6,1,1,PA,9461.11,2837053.11
2026-03-28,PA,109931.22,1042.0,9445.18,43854.64,1,1,PA,9461.11,2837053.11
2026-03-29,PA,111125.09,1140.0,9332.86,47117.76,1,1,PA,9461.11,2837053.11
2026-03-30,PA,108440.34,1080.0,9324.69,47711.09,1,1,PA,9461.11,2837053.11
2026-03-31,PA,115313.05,1211.0,9269.59,48451.2,1,1,PA,9461.11,2837053.11
2026-04-01,PA,113880.11,1209.0,9384.3,52001.1,1,1,PA,9461.11,2837053.11
2026-04-02,PA,107373.06,1091.0,9363.25,43660.87,1,1,PA,9461.11,2837053.11
2026-04-03,PA,102271.44,1030.0,9502.34,43809.8,1,1,PA,9461.11,2837053.11
2026-04-04,PA,95391.17,879.0,9382.77,39501.01,1,1,PA,9461.11,2837053.11
2026-04-05,PA,94745.3,927.0,9502.9,40716.85,1,1,PA,9461.11,2837053.11
2026-04-06,PA,98932.07,999.0,9462.47,41505.37,1,1,PA,9461.11,2837053.11
2026-04-07,PA,106540.25,1149.0,9644.06,42879.9,1,1,PA,9461.11,2837053.11
2026-04-08,PA,111347.43,1110.0,9556.93,47157.45,1,1,PA,9461.11,2837053.11
2026-04-09,PA,104204.01,1070.0,9562.13,45366.8,1,1,PA,9461.11,2837053.11
2026-04-10,PA,95340.79,923.0,9574.44,42742.07,1,1,PA,9461.11,2837053.11
2026-04-11,PA,92987.47,900.0,9494.59,37780.85,1,1,PA,9461.11,2837053.11
2026-04-12,PA,94063.75,920.0,9583.46,40433.61,1,1,PA,9461.11,2837053.11
2026-04-13,PA,97069.32,983.0,9642.14,40299.69,1,1,PA,9461.11,2837053.11
2026-04-14,PA,101761.86,1070.0,9658.26,45866.31,1,1,PA,9461.11,2837053.11
2026-04-15,PA,102978.99,1037.0,9631.42,40674.83,1,1,PA,9461.11,2837053.11
2026-04-16,PA,103847.6,987.0,9775.02,41866.86,1,1,PA,9461.11,2837053.11
2026-04-17,PA,97248.15,1036.0,9453.62,40191.62,1,1,PA,9461.11,2837053.11
2026-04-18,PA,91227.1,870.0,9460.05,37326.59,1,1,PA,9461.11,2837053.11
2026-04-19,PA,94237.83,903.0,9440.57,41137.48,1,1,PA,9461.11,2837053.11
2026-04-20,PA,102286.77,1021.0,9507.71,46904.02,1,1,PA,9461.11,2837053.11
2026-04-21,PA,106949.58,1073.0,9418.19,46425.2,1,1,PA,9461.11,2837053.11
2026-04-22,PA,107897.17,1104.0,9495.53,42285.46,1,1,PA,9461.11,2837053.11
2026-04-23,PA,107379.18,1058.0,9500.93,44620.43,1,1,PA,9461.11,2837053.11
2026-04-24,PA,101249.28,948.0,9370.67,42852.42,1,1,PA,9461.11,2837053.11
2026-04-25,PA,96565.03,873.0,9300.25,39945.51,1,1,PA,9461.11,2837053.11
2026-04-26,PA,96822.84,1034.0,9234.41,43401.21,1,1,PA,9461.11,2837053.11
2026-04-27,PA,105163.52,998.0,9434.01,44015.27,1,1,PA,9461.11,2837053.11
2026-04-28,PA,109514.98,1111.0,9391.34,44793.71,1,1,PA,9461.11,2837053.11
2026-04-29,PA,108665.31,1160.0,9437.33,44997.75,1,1,PA,9461.11,2837053.11
2026-04-30,PA,105298.68,1072.0,9435.34,46547.9,1,1,PA,9461.11,2837053.11
2026-05-01,PA,102703.55,1088.0,9417.59,44690.15,1,1,PA,9461.11,2837053.11
2026-05-02,PA,99380.38,950.0,9481.92,40744.4,1,1,PA,9461.11,2837053.11
2026-05-03,PA,99539.59,994.0,9442.24,41732.08,1,1,PA,9461.11,2837053.11
2026-05-04,PA,106212.06,997.0,9433.89,42861.02,1,1,PA,9461.11,2837053.11
2026-05-05,PA,110765.25,1139.0,9517.06,41835.42,1,1,PA,9461.11,2837053.11
2026-05-06,PA,112076.81,1093.0,9534.69,49502.47,1,1,PA,9461.11,2837053.11
2026-05-07,PA,106758.04,1075.0,9527.62,44005.7,1,1,PA,9461.11,2837053.11
2026-05-08,PA,104519.71,1086.0,9457.17,41041.28,1,1,PA,9461.11,2837053.11
2026-05-09,PA,98828.09,1004.0,9611.65,43119.39,1,1,PA,9461.11,2837053.11
2026-05-10,PA,101094.17,1029.0,9746.88,42717.67,1,1,PA,9461.11,2837053.11
2026-05-11,PA,107544.76,1069.0,9657.2,48326.58,1,1,PA,9461.11,2837053.11
2026-05-12,PA,110780.94,1138.0,9556.86,48295.33,1,1,PA,9461.11,2837053.11
2026-05-13,PA,105447.99,998.0,9563.42,44045.11,1,1,PA,9461.11,2837053.11
2026-05-14,PA,103901.14,1001.0,9522.03,43161.21,1,1,PA,9461.11,2837053.11
2026-05-15,PA,98308.6,990.0,9497.64,41455.33,1,1,PA,9461.11,2837053.11
2026-05-16,PA,94226.07,973.0,9510.44,37648.7,1,1,PA,9461.11,2837053.11
2026-05-17,PA,96546.33,1004.0,9531.29,40478.15,1,1,PA,9461.11,2837053.11
2026-05-18,PA,100533.35,943.0,9441.4,40475.51,1,1,PA,9461.11,2837053.11
2026-05-19,PA,104931.43,1054.0,9463.27,42925.81,1,1,PA,9461.11,2837053.11
2026-05-20,PA,102668.77,1028.0,9324.84,41778.17,1,1,PA,9461.11,2837053.11
2026-05-21,PA,99552.13,971.0,9430.54,41498.43,1,1,PA,9461.11,2837053.11
2026-05-22,PA,90807.58,916.0,9395.12,37831.89,1,1,PA,9461.11,2837053.11
2026-05-23,PA,88205.61,892.0,9401.7,38372.28,1,1,PA,9461.11,2837053.11
2026-05-24,PA,89185.22,884.0,9375.87,36604.78,1,1,PA,9461.11,2837053.11
2026-05-25,PA,97721.88,907.0,9303.67,41461.49,1,1,PA,9461.11,2837053.11
2026-05-26,PA,101251.38,1069.0,9229.16,42971.81,1,1,PA,9461.11,2837053.11
2026-05-27,PA,102230.65,1043.0,9281.79,44282.96,1,1,PA,9461.11,2837053.11
2026-05-28,PA,104704.51,1031.0,9386.1,42085.49,1,1,PA,9461.11,2837053.11
2026-05-29,PA,102326.8,1031.0,9423.95,41819.3,1,1,PA,9461.11,2837053.11
2026-05-30,PA,97774.38,909.0,9454.47,42672.73,1,1,PA,9461.11,2837053.11
2026-05-31,PA,98149.46,1004.0,9331.39,44882.41,1,1,PA,9461.11,2837053.11
2026-01-12,SC,61399.76,646.0,5948.56,25336.91,1,1,NC_SC,5990.46,1783246.37
2026-01-13,SC,64415.3,618.0,6024.7,28730.94,1,1,NC_SC,5990.46,1783246.37
2026-01-14,SC,64964.14,645.0,6052.5,24941.32,1,1,NC_SC,5990.46,1783246.37
2026-01-15,SC,63152.36,629.0,6053.12,27156.49,1,1,NC_SC,5990.46,1783246.37
2026-01-16,SC,59870.66,594.0,6069.19,24905.73,1,1,NC_SC,5990.46,1783246.37
2026-01-17,SC,55911.82,553.0,6061.56,24158.57,1,1,NC_SC,5990.46,1783246.37
2026-01-18,SC,57251.87,586.0,6123.47,26280.36,1,1,NC_SC,5990.46,1783246.37
2026-01-19,SC,61464.54,617.0,6052.85,27060.72,1,1,NC_SC,5990.46,1783246.37
2026-01-20,SC,65348.73,634.0,6105.09,26682.22,1,1,NC_SC,5990.46,1783246.37
2026-01-21,SC,68935.81,746.0,6051.33,28690.09,1,1,NC_SC,5990.46,1783246.37
2026-01-22,SC,67105.25,700.0,6131.95,30001.23,1,1,NC_SC,5990.46,1783246.37
2026-01-23,SC,62909.45,628.0,6044.15,27960.06,1,1,NC_SC,5990.46,1783246.37
2026-01-24,SC,58962.06,600.0,6005.12,24320.23,1,1,NC_SC,5990.46,1783246.37
2026-01-25,SC,60514.66,603.0,6015.67,24892.49,1,1,NC_SC,5990.46,1783246.37
2026-01-26,SC,60959.32,595.0,6025.52,28509.82,1,1,NC_SC,5990.46,1783246.37
2026-01-27,SC,64703.65,646.0,6032.61,26308.16,1,1,NC_SC,5990.46,1783246.37
2026-01-28,SC,65593.53,762.0,6005.63,26869.45,1,1,NC_SC,5990.46,1783246.37
2026-01-29,SC,62151.65,602.0,6021.48,28124.36,1,1,NC_SC,5990.46,1783246.37
2026-01-30,SC,56460.06,557.0,5840.55,23795.59,1,1,NC_SC,5990.46,1783246.37
2026-01-31,SC,54605.63,558.0,5923.61,25052.97,1,1,NC_SC,5990.46,1783246.37
2026-02-01,SC,54927.21,557.0,5906.38,22445.33,1,1,NC_SC,5990.46,1783246.37
2026-02-02,SC,55964.13,513.0,5897.19,24148.95,1,1,NC_SC,5990.46,1783246.37
2026-02-03,SC,59696.87,570.0,5968.81,24209.55,1,1,NC_SC,5990.46,1783246.37
2026-02-04,SC,59799.15,604.0,5907.69,21847.83,1,1,NC_SC,5990.46,1783246.37
2026-02-05,SC,57736.01,547.0,5969.72,23880.31,1,1,NC_SC,5990.46,1783246.37
2026-02-06,SC,53820.67,535.0,5995.37,25716.2,1,1,NC_SC,5990.46,1783246.37
2026-02-07,SC,51326.82,520.0,5939.58,22454.68,1,1,NC_SC,5990.46,1783246.37
2026-02-08,SC,50646.18,515.0,6009.84,21650.56,1,1,NC_SC,5990.46,1783246.37
2026-02-09,SC,55129.71,553.0,6010.47,22311.35,1,1,NC_SC,5990.46,1783246.37
2026-02-10,SC,62290.86,631.0,6024.5,26607.97,1,1,NC_SC,5990.46,1783246.37
2026-02-11,SC,61802.21,594.0,6077.91,26480.75,1,1,NC_SC,5990.46,1783246.37
2026-02-12,SC,62324.88,668.0,6094.4,25669.77,1,1,NC_SC,5990.46,1783246.37
2026-02-13,SC,59004.57,587.0,6024.17,23532.29,1,1,NC_SC,5990.46,1783246.37
2026-02-14,SC,57687.38,622.0,6070.82,23877.09,1,1,NC_SC,5990.46,1783246.37
2026-02-15,SC,56665.31,543.0,6100.28,25039.87,1,1,NC_SC,5990.46,1783246.37
2026-02-16,SC,60440.74,617.0,6075.47,26416.93,1,1,NC_SC,5990.46,1783246.37
2026-02-17,SC,66702.12,660.0,5956.57,26095.79,1,1,NC_SC,5990.46,1783246.37
2026-02-18,SC,65666.73,624.0,6057.89,30273.6,1,1,NC_SC,5990.46,1783246.37
2026-02-19,SC,62546.84,621.0,6133.77,25666.29,1,1,NC_SC,5990.46,1783246.37
2026-02-20,SC,57146.33,639.0,6033.05,23530.18,1,1,NC_SC,5990.46,1783246.37
2026-02-21,SC,55594.18,602.0,6072.48,23137.52,1,1,NC_SC,5990.46,1783246.37
2026-02-22,SC,58439.46,590.0,6084.16,21826.63,1,1,NC_SC,5990.46,1783246.37
2026-02-23,SC,62020.06,596.0,6017.81,25609.17,1,1,NC_SC,5990.46,1783246.37
2026-02-24,SC,64557.63,633.0,5916.94,26610.78,1,1,NC_SC,5990.46,1783246.37
2026-02-25,SC,65768.07,645.0,5864.81,26559.11,1,1,NC_SC,5990.46,1783246.37
2026-02-26,SC,62912.14,605.0,5915.28,27345.7,1,1,NC_SC,5990.46,1783246.37
2026-02-27,SC,59781.64,594.0,5965.92,26305.28,1,1,NC_SC,5990.46,1783246.37
2026-02-28,SC,58770.79,609.0,5954.89,26052.4,1,1,NC_SC,5990.46,1783246.37
2026-03-01,SC,60432.42,590.0,5934.26,22793.57,1,1,NC_SC,5990.46,1783246.37
2026-03-02,SC,62345.17,616.0,5880.91,26825.87,1,1,NC_SC,5990.46,1783246.37
2026-03-03,SC,66677.5,680.0,5908.07,27998.51,1,1,NC_SC,5990.46,1783246.37
2026-03-04,SC,67300.24,640.0,5903.3,28616.95,1,1,NC_SC,5990.46,1783246.37
2026-03-05,SC,63609.47,635.0,5891.37,25514.84,1,1,NC_SC,5990.46,1783246.37
2026-03-06,SC,57165.52,559.0,5953.63,24490.71,1,1,NC_SC,5990.46,1783246.37
2026-03-07,SC,54892.79,550.0,5934.86,23931.05,1,1,NC_SC,5990.46,1783246.37
2026-03-08,SC,54974.11,591.0,5920.33,21786.52,1,1,NC_SC,5990.46,1783246.37
2026-03-09,SC,58609.21,561.0,5969.16,24274.2,1,1,NC_SC,5990.46,1783246.37
2026-03-10,SC,61479.17,616.0,5971.1,24608.02,1,1,NC_SC,5990.46,1783246.37
2026-03-11,SC,61965.78,645.0,6081.84,24841.02,1,1,NC_SC,5990.46,1783246.37
2026-03-12,SC,57233.48,565.0,6093.61,24331.84,1,1,NC_SC,5990.46,1783246.37
2026-03-13,SC,55466.75,544.0,6104.83,21677.19,1,1,NC_SC,5990.46,1783246.37
2026-03-14,SC,53767.71,534.0,6022.77,22524.79,1,1,NC_SC,5990.46,1783246.37
2026-03-15,SC,56131.68,586.0,6113.14,23898.54,1,1,NC_SC,5990.46,1783246.37
2026-03-16,SC,61572.65,677.0,6063.09,26347.9,1,1,NC_SC,5990.46,1783246.37
2026-03-17,SC,66212.97,647.0,6099.01,27983.74,1,1,NC_SC,5990.46,1783246.37
2026-03-18,SC,66743.18,683.0,6094.83,27895.48,1,1,NC_SC,5990.46,1783246.37
2026-03-19,SC,64398.41,649.0,6141.35,25673.15,1,1,NC_SC,5990.46,1783246.37
2026-03-20,SC,62544.24,634.0,5948.38,26654.03,1,1,NC_SC,5990.46,1783246.37
2026-03-21,SC,58559.23,628.0,6038.16,24164.76,1,1,NC_SC,5990.46,1783246.37
2026-03-22,SC,59876.26,615.0,5990.47,25479.63,1,1,NC_SC,5990.46,1783246.37
2026-03-23,SC,74653.08,711.0,5972.38,32209.7,1,1,NC_SC,5990.46,1783246.37
2026-03-24,SC,75843.81,735.0,6005.66,32721.17,1,1,NC_SC,5990.46,1783246.37
2026-03-25,SC,75448.72,778.0,5903.0,31101.52,1,1,NC_SC,5990.46,1783246.37
2026-03-26,SC,73275.4,757.0,5908.31,31333.1,1,1,NC_SC,5990.46,1783246.37
2026-03-27,SC,68882.92,648.0,5882.88,28630.52,1,1,NC_SC,5990.46,1783246.37
2026-03-28,SC,64503.46,622.0,5929.08,29661.65,1,1,NC_SC,5990.46,1783246.37
2026-03-29,SC,66576.97,666.0,5850.29,28165.65,1,1,NC_SC,5990.46,1783246.37
2026-03-30,SC,63587.25,648.0,5960.48,24442.83,1,1,NC_SC,5990.46,1783246.37
2026-03-31,SC,68165.84,707.0,5952.29,28506.2,1,1,NC_SC,5990.46,1783246.37
2026-04-01,SC,66860.53,696.0,5878.58,26511.13,1,1,NC_SC,5990.46,1783246.37
2026-04-02,SC,64400.02,681.0,5888.94,29043.53,1,1,NC_SC,5990.46,1783246.37
2026-04-03,SC,62632.31,630.0,5981.28,28814.77,1,1,NC_SC,5990.46,1783246.37
2026-04-04,SC,59532.57,591.0,5960.32,24386.89,1,1,NC_SC,5990.46,1783246.37
2026-04-05,SC,60198.99,632.0,6010.15,25928.88,1,1,NC_SC,5990.46,1783246.37
2026-04-06,SC,64149.24,619.0,5896.51,26418.02,1,1,NC_SC,5990.46,1783246.37
2026-04-07,SC,65951.6,733.0,6059.75,27883.77,1,1,NC_SC,5990.46,1783246.37
2026-04-08,SC,67632.05,657.0,6029.37,28465.32,1,1,NC_SC,5990.46,1783246.37
2026-04-09,SC,68471.05,694.0,6097.21,30148.34,1,1,NC_SC,5990.46,1783246.37
2026-04-10,SC,64671.51,647.0,5988.21,27237.99,1,1,NC_SC,5990.46,1783246.37
2026-04-11,SC,62319.45,623.0,6073.37,25089.85,1,1,NC_SC,5990.46,1783246.37
2026-04-12,SC,61828.26,612.0,6125.21,27336.54,1,1,NC_SC,5990.46,1783246.37
2026-04-13,SC,63310.92,624.0,6155.03,25650.34,1,1,NC_SC,5990.46,1783246.37
2026-04-14,SC,66663.5,680.0,6153.41,27086.76,1,1,NC_SC,5990.46,1783246.37
2026-04-15,SC,66464.75,688.0,6083.88,26057.16,1,1,NC_SC,5990.46,1783246.37
2026-04-16,SC,66491.14,650.0,6065.77,27375.45,1,1,NC_SC,5990.46,1783246.37
2026-04-17,SC,62386.1,661.0,6114.22,26969.09,1,1,NC_SC,5990.46,1783246.37
2026-04-18,SC,59527.34,651.0,6049.11,24017.31,1,1,NC_SC,5990.46,1783246.37
2026-04-19,SC,60136.95,593.0,5971.71,24714.1,1,1,NC_SC,5990.46,1783246.37
2026-04-20,SC,63214.1,622.0,5924.58,24501.03,1,1,NC_SC,5990.46,1783246.37
2026-04-21,SC,67723.87,636.0,5967.14,29839.35,1,1,NC_SC,5990.46,1783246.37
2026-04-22,SC,68940.75,676.0,5902.27,29688.25,1,1,NC_SC,5990.46,1783246.37
2026-04-23,SC,68540.4,727.0,5969.94,28086.76,1,1,NC_SC,5990.46,1783246.37
2026-04-24,SC,63676.36,691.0,5942.83,27535.3,1,1,NC_SC,5990.46,1783246.37
2026-04-25,SC,60253.45,594.0,5880.36,23400.58,1,1,NC_SC,5990.46,1783246.37
2026-04-26,SC,59769.79,582.0,5835.99,23739.61,1,1,NC_SC,5990.46,1783246.37
2026-04-27,SC,64247.13,651.0,5913.43,28043.46,1,1,NC_SC,5990.46,1783246.37
2026-04-28,SC,68448.56,697.0,5864.85,28954.21,1,1,NC_SC,5990.46,1783246.37
2026-04-29,SC,66287.89,693.0,5921.09,28155.14,1,1,NC_SC,5990.46,1783246.37
2026-04-30,SC,65638.82,658.0,5939.3,27155.24,1,1,NC_SC,5990.46,1783246.37
2026-05-01,SC,65694.74,658.0,5837.67,26674.55,1,1,NC_SC,5990.46,1783246.37
2026-05-02,SC,63990.01,639.0,5892.68,25198.71,1,1,NC_SC,5990.46,1783246.37
2026-05-03,SC,63063.09,657.0,5985.59,25892.26,1,1,NC_SC,5990.46,1783246.37
2026-05-04,SC,64901.97,623.0,5988.79,24937.57,1,1,NC_SC,5990.46,1783246.37
2026-05-05,SC,70322.28,744.0,6049.13,31300.01,1,1,NC_SC,5990.46,1783246.37
2026-05-06,SC,71062.89,718.0,6071.2,31401.66,1,1,NC_SC,5990.46,1783246.37
2026-05-07,SC,68420.83,670.0,6047.91,32253.72,1,1,NC_SC,5990.46,1783246.37
2026-05-08,SC,64764.15,673.0,6017.19,27822.91,1,1,NC_SC,5990.46,1783246.37
2026-05-09,SC,61107.75,582.0,6023.05,23826.02,1,1,NC_SC,5990.46,1783246.37
2026-05-10,SC,63846.68,675.0,6152.28,27229.51,1,1,NC_SC,5990.46,1783246.37
2026-05-11,SC,67096.33,627.0,6064.62,27035.54,1,1,NC_SC,5990.46,1783246.37
2026-05-12,SC,68734.35,657.0,6077.71,26999.91,1,1,NC_SC,5990.46,1783246.37
2026-05-13,SC,67494.33,664.0,6102.35,30558.25,1,1,NC_SC,5990.46,1783246.37
2026-05-14,SC,64754.36,680.0,6107.17,26586.26,1,1,NC_SC,5990.46,1783246.37
2026-05-15,SC,60624.11,588.0,6020.33,24198.85,1,1,NC_SC,5990.46,1783246.37
2026-05-16,SC,58929.83,542.0,6137.75,25664.2,1,1,NC_SC,5990.46,1783246.37
2026-05-17,SC,60869.12,632.0,6020.32,23568.77,1,1,NC_SC,5990.46,1783246.37
2026-05-18,SC,63449.25,626.0,5978.83,25894.4,1,1,NC_SC,5990.46,1783246.37
2026-05-19,SC,67418.56,720.0,6007.52,30485.35,1,1,NC_SC,5990.46,1783246.37
2026-05-20,SC,67251.2,658.0,5957.05,28829.67,1,1,NC_SC,5990.46,1783246.37
2026-05-21,SC,63818.73,596.0,6007.63,26946.78,1,1,NC_SC,5990.46,1783246.37
2026-05-22,SC,57898.6,581.0,5869.02,25475.25,1,1,NC_SC,5990.46,1783246.37
2026-05-23,SC,54753.52,542.0,5854.21,22974.94,1,1,NC_SC,5990.46,1783246.37
2026-05-24,SC,56246.84,572.0,5842.23,22294.88,1,1,NC_SC,5990.46,1783246.37
2026-05-25,SC,62192.72,596.0,5920.05,26646.54,1,1,NC_SC,5990.46,1783246.37
2026-05-26,SC,65117.87,650.0,5829.58,27023.87,1,1,NC_SC,5990.46,1783246.37
2026-05-27,SC,66511.25,691.0,5875.96,25994.93,1,1,NC_SC,5990.46,1783246.37
2026-05-28,SC,65529.99,609.0,5879.95,26616.24,1,1,NC_SC,5990.46,1783246.37
2026-05-29,SC,61167.33,625.0,5946.48,26861.35,1,1,NC_SC,5990.46,1783246.37
2026-05-30,SC,58503.99,568.0,5910.25,23972.26,1,1,NC_SC,5990.46,1783246.37
2026-05-31,SC,60457.54,632.0,5974.39,27348.53,1,1,NC_SC,5990.46,1783246.37
2026-01-12,TN,85377.28,854.0,8486.11,38899.87,1,1,TN,8493.23,2544780.1
2026-01-13,TN,86900.45,856.0,8503.92,35933.84,1,1,TN,8493.23,2544780.1
2026-01-14,TN,92078.34,893.0,8520.12,37497.91,1,1,TN,8493.23,2544780.1
2026-01-15,TN,90623.75,928.0,8701.3,39156.92,1,1,TN,8493.23,2544780.1
2026-01-16,TN,87431.12,876.0,8722.02,37235.23,1,1,TN,8493.23,2544780.1
2026-01-17,TN,82236.44,784.0,8649.12,34891.99,1,1,TN,8493.23,2544780.1
2026-01-18,TN,81954.35,845.0,8651.22,33120.26,1,1,TN,8493.23,2544780.1
2026-01-19,TN,88568.18,847.0,8609.69,36335.59,1,1,TN,8493.23,2544780.1
2026-01-20,TN,92955.99,908.0,8712.92,41240.73,1,1,TN,8493.23,2544780.1
2026-01-21,TN,94716.0,911.0,8583.27,39630.4,1,1,TN,8493.23,2544780.1
2026-01-22,TN,92127.11,879.0,8625.98,41340.55,1,1,TN,8493.23,2544780.1
2026-01-23,TN,88848.82,947.0,8628.23,36144.9,1,1,TN,8493.23,2544780.1
2026-01-24,TN,85789.91,875.0,8702.29,36863.66,1,1,TN,8493.23,2544780.1
2026-01-25,TN,85049.44,843.0,8529.65,35696.58,1,1,TN,8493.23,2544780.1
2026-01-26,TN,88971.06,898.0,8491.86,36552.6,1,1,TN,8493.23,2544780.1
2026-01-27,TN,93102.75,972.0,8548.15,37504.8,1,1,TN,8493.23,2544780.1
2026-01-28,TN,94434.61,943.0,8482.48,38190.52,1,1,TN,8493.23,2544780.1
2026-01-29,TN,90416.12,950.0,8244.22,38328.72,1,1,TN,8493.23,2544780.1
2026-01-30,TN,81931.98,875.0,8463.89,36314.85,1,1,TN,8493.23,2544780.1
2026-01-31,TN,78074.36,769.0,8490.98,31088.62,1,1,TN,8493.23,2544780.1
2026-02-01,TN,77517.75,759.0,8331.26,33939.6,1,1,TN,8493.23,2544780.1
2026-02-02,TN,79996.18,757.0,8370.56,32659.58,1,1,TN,8493.23,2544780.1
2026-02-03,TN,83395.74,822.0,8288.24,33617.85,1,1,TN,8493.23,2544780.1
2026-02-04,TN,85104.29,896.0,8387.45,35162.91,1,1,TN,8493.23,2544780.1
2026-02-05,TN,82722.33,895.0,8408.19,33675.87,1,1,TN,8493.23,2544780.1
2026-02-06,TN,75672.63,796.0,8373.24,30224.21,1,1,TN,8493.23,2544780.1
2026-02-07,TN,74976.66,738.0,8357.45,33331.6,1,1,TN,8493.23,2544780.1
2026-02-08,TN,75366.59,745.0,8467.51,32584.09,1,1,TN,8493.23,2544780.1
2026-02-09,TN,80236.34,833.0,8498.44,33065.2,1,1,TN,8493.23,2544780.1
2026-02-10,TN,88711.69,854.0,8558.17,36753.68,1,1,TN,8493.23,2544780.1
2026-02-11,TN,89404.41,901.0,8633.77,38493.87,1,1,TN,8493.23,2544780.1
2026-02-12,TN,91243.61,903.0,8592.69,33948.1,1,1,TN,8493.23,2544780.1
2026-02-13,TN,86016.22,870.0,8575.34,36819.78,1,1,TN,8493.23,2544780.1
2026-02-14,TN,83244.41,824.0,8571.23,34291.42,1,1,TN,8493.23,2544780.1
2026-02-15,TN,84517.29,841.0,8666.94,35716.85,1,1,TN,8493.23,2544780.1
2026-02-16,TN,89588.39,901.0,8628.67,38439.0,1,1,TN,8493.23,2544780.1
2026-02-17,TN,93490.52,1028.0,8566.65,38669.15,1,1,TN,8493.23,2544780.1
2026-02-18,TN,91785.6,942.0,8617.18,38206.52,1,1,TN,8493.23,2544780.1
2026-02-19,TN,86561.23,912.0,8617.28,38087.41,1,1,TN,8493.23,2544780.1
2026-02-20,TN,83792.38,827.0,8504.77,38703.26,1,1,TN,8493.23,2544780.1
2026-02-21,TN,85264.49,808.0,8567.42,34338.73,1,1,TN,8493.23,2544780.1
2026-02-22,TN,86706.69,908.0,8557.08,35856.49,1,1,TN,8493.23,2544780.1
2026-02-23,TN,91425.89,993.0,8451.84,38226.22,1,1,TN,8493.23,2544780.1
2026-02-24,TN,94577.07,946.0,8517.91,42274.4,1,1,TN,8493.23,2544780.1
2026-02-25,TN,96707.89,913.0,8482.68,38310.26,1,1,TN,8493.23,2544780.1
2026-02-26,TN,93269.44,1016.0,8495.01,39472.5,1,1,TN,8493.23,2544780.1
2026-02-27,TN,84560.59,862.0,8411.4,34019.72,1,1,TN,8493.23,2544780.1
2026-02-28,TN,84939.7,765.0,8236.68,38461.35,1,1,TN,8493.23,2544780.1
2026-03-01,TN,87056.82,928.0,8403.77,37735.44,1,1,TN,8493.23,2544780.1
2026-03-02,TN,89101.64,883.0,8402.36,36172.2,1,1,TN,8493.23,2544780.1
2026-03-03,TN,93797.0,989.0,8348.04,39732.23,1,1,TN,8493.23,2544780.1
2026-03-04,TN,96634.05,934.0,8554.95,39343.25,1,1,TN,8493.23,2544780.1
2026-03-05,TN,89001.14,925.0,8281.3,38924.99,1,1,TN,8493.23,2544780.1
2026-03-06,TN,79999.83,807.0,8461.45,36789.8,1,1,TN,8493.23,2544780.1
2026-03-07,TN,75775.86,745.0,8412.22,32955.41,1,1,TN,8493.23,2544780.1
2026-03-08,TN,78324.17,781.0,8505.39,35372.82,1,1,TN,8493.23,2544780.1
2026-03-09,TN,83174.43,786.0,8456.05,32211.21,1,1,TN,8493.23,2544780.1
2026-03-10,TN,89074.72,852.0,8449.81,36728.24,1,1,TN,8493.23,2544780.1
2026-03-11,TN,88105.57,868.0,8598.19,40223.36,1,1,TN,8493.23,2544780.1
2026-03-12,TN,86188.47,825.0,8550.67,33766.65,1,1,TN,8493.23,2544780.1
2026-03-13,TN,85014.99,827.0,8575.52,33103.29,1,1,TN,8493.23,2544780.1
2026-03-14,TN,82611.69,833.0,8622.84,34699.58,1,1,TN,8493.23,2544780.1
2026-03-15,TN,83793.14,890.0,8563.84,33112.18,1,1,TN,8493.23,2544780.1
2026-03-16,TN,87881.48,875.0,8552.12,35105.06,1,1,TN,8493.23,2544780.1
2026-03-17,TN,93161.15,1053.0,8613.82,37552.18,1,1,TN,8493.23,2544780.1
2026-03-18,TN,95497.74,936.0,8608.58,39946.68,1,1,TN,8493.23,2544780.1
2026-03-19,TN,91215.96,902.0,8670.0,39789.97,1,1,TN,8493.23,2544780.1
2026-03-20,TN,88084.76,898.0,8514.39,36361.61,1,1,TN,8493.23,2544780.1
2026-03-21,TN,83270.21,806.0,8524.45,38284.78,1,1,TN,8493.23,2544780.1
2026-03-22,TN,84783.96,909.0,8525.56,36931.83,1,1,TN,8493.23,2544780.1
2026-03-23,TN,104285.05,1072.0,8527.35,43056.84,1,1,TN,8493.23,2544780.1
2026-03-24,TN,104493.76,1004.0,8341.97,46638.63,1,1,TN,8493.23,2544780.1
2026-03-25,TN,105040.26,1018.0,8459.98,45239.97,1,1,TN,8493.23,2544780.1
2026-03-26,TN,105255.82,1001.0,8370.96,43695.88,1,1,TN,8493.23,2544780.1
2026-03-27,TN,99695.03,1021.0,8364.88,42655.0,1,1,TN,8493.23,2544780.1
2026-03-28,TN,94392.31,974.0,8381.4,39776.69,1,1,TN,8493.23,2544780.1
2026-03-29,TN,98790.64,978.0,8368.82,41241.16,1,1,TN,8493.23,2544780.1
2026-03-30,TN,89907.22,893.0,8342.28,36555.78,1,1,TN,8493.23,2544780.1
2026-03-31,TN,99151.13,1077.0,8389.38,40447.54,1,1,TN,8493.23,2544780.1
2026-04-01,TN,99990.54,1001.0,8459.63,41478.54,1,1,TN,8493.23,2544780.1
2026-04-02,TN,96644.45,1019.0,8384.46,40358.7,1,1,TN,8493.23,2544780.1
2026-04-03,TN,96624.99,1023.0,8336.67,41379.2,1,1,TN,8493.23,2544780.1
2026-04-04,TN,92379.58,973.0,8438.59,39502.16,1,1,TN,8493.23,2544780.1
2026-04-05,TN,93042.98,897.0,8539.92,41536.04,1,1,TN,8493.23,2544780.1
2026-04-06,TN,95842.28,1007.0,8473.97,38054.84,1,1,TN,8493.23,2544780.1
2026-04-07,TN,100957.42,1006.0,8455.32,42143.79,1,1,TN,8493.23,2544780.1
2026-04-08,TN,100703.59,968.0,8487.23,43100.69,1,1,TN,8493.23,2544780.1
2026-04-09,TN,98576.53,940.0,8598.89,42705.5,1,1,TN,8493.23,2544780.1
2026-04-10,TN,89562.36,931.0,8517.65,36844.77,1,1,TN,8493.23,2544780.1
2026-04-11,TN,86854.94,899.0,8499.04,32559.08,1,1,TN,8493.23,2544780.1
2026-04-12,TN,84534.99,831.0,8585.92,36644.5,1,1,TN,8493.23,2544780.1
2026-04-13,TN,91021.39,912.0,8698.49,37255.15,1,1,TN,8493.23,2544780.1
2026-04-14,TN,93816.66,988.0,8558.8,37845.05,1,1,TN,8493.23,2544780.1
2026-04-15,TN,91749.55,926.0,8576.79,41619.69,1,1,TN,8493.23,2544780.1
2026-04-16,TN,90396.97,937.0,8520.87,37061.88,1,1,TN,8493.23,2544780.1
2026-04-17,TN,86410.32,835.0,8544.12,33056.08,1,1,TN,8493.23,2544780.1
2026-04-18,TN,79641.35,826.0,8602.17,34429.65,1,1,TN,8493.23,2544780.1
2026-04-19,TN,77661.08,822.0,8515.34,34442.47,1,1,TN,8493.23,2544780.1
2026-04-20,TN,84291.95,919.0,8584.44,33863.52,1,1,TN,8493.23,2544780.1
2026-04-21,TN,88166.4,866.0,8561.39,35575.76,1,1,TN,8493.23,2544780.1
2026-04-22,TN,93247.19,952.0,8468.89,39847.64,1,1,TN,8493.23,2544780.1
2026-04-23,TN,89273.32,909.0,8385.88,37269.97,1,1,TN,8493.23,2544780.1
2026-04-24,TN,87273.71,913.0,8387.14,34377.45,1,1,TN,8493.23,2544780.1
2026-04-25,TN,82757.36,863.0,8327.79,34431.93,1,1,TN,8493.23,2544780.1
2026-04-26,TN,83160.21,871.0,8200.64,33309.09,1,1,TN,8493.23,2544780.1
2026-04-27,TN,88546.13,925.0,8459.48,38393.9,1,1,TN,8493.23,2544780.1
2026-04-28,TN,89763.12,906.0,8461.99,37235.29,1,1,TN,8493.23,2544780.1
2026-04-29,TN,93032.8,867.0,8403.54,40211.59,1,1,TN,8493.23,2544780.1
2026-04-30,TN,93494.44,950.0,8474.32,39386.36,1,1,TN,8493.23,2544780.1
2026-05-01,TN,92663.65,945.0,8408.34,39299.7,1,1,TN,8493.23,2544780.1
2026-05-02,TN,89641.74,917.0,8383.51,37198.96,1,1,TN,8493.23,2544780.1
2026-05-03,TN,87693.56,935.0,8511.01,37977.33,1,1,TN,8493.23,2544780.1
2026-05-04,TN,95049.37,909.0,8482.41,42709.5,1,1,TN,8493.23,2544780.1
2026-05-05,TN,100273.24,940.0,8498.51,41009.58,1,1,TN,8493.23,2544780.1
2026-05-06,TN,99887.66,973.0,8628.35,39610.11,1,1,TN,8493.23,2544780.1
2026-05-07,TN,97880.25,1012.0,8589.56,39370.81,1,1,TN,8493.23,2544780.1
2026-05-08,TN,91839.64,903.0,8597.08,37756.97,1,1,TN,8493.23,2544780.1
2026-05-09,TN,86415.85,863.0,8616.57,38373.01,1,1,TN,8493.23,2544780.1
2026-05-10,TN,87713.49,847.0,8631.5,40044.83,1,1,TN,8493.23,2544780.1
2026-05-11,TN,92538.77,875.0,8461.04,40328.9,1,1,TN,8493.23,2544780.1
2026-05-12,TN,95777.42,906.0,8561.82,40464.31,1,1,TN,8493.23,2544780.1
2026-05-13,TN,94736.28,911.0,8630.54,43128.08,1,1,TN,8493.23,2544780.1
2026-05-14,TN,88799.46,865.0,8583.38,38203.17,1,1,TN,8493.23,2544780.1
2026-05-15,TN,86614.49,929.0,8557.11,35564.05,1,1,TN,8493.23,2544780.1
2026-05-16,TN,81109.74,780.0,8601.32,34184.29,1,1,TN,8493.23,2544780.1
2026-05-17,TN,84537.46,861.0,8500.29,34566.08,1,1,TN,8493.23,2544780.1
2026-05-18,TN,87591.66,881.0,8425.37,35444.2,1,1,TN,8493.23,2544780.1
2026-05-19,TN,95096.47,971.0,8445.93,39753.72,1,1,TN,8493.23,2544780.1
2026-05-20,TN,95385.34,937.0,8432.22,38449.03,1,1,TN,8493.23,2544780.1
2026-05-21,TN,90837.68,1001.0,8306.59,38898.42,1,1,TN,8493.23,2544780.1
2026-05-22,TN,84113.42,837.0,8421.73,37392.95,1,1,TN,8493.23,2544780.1
2026-05-23,TN,82054.98,787.0,8524.79,35294.0,1,1,TN,8493.23,2544780.1
2026-05-24,TN,83072.2,837.0,8481.33,34279.31,1,1,TN,8493.23,2544780.1
2026-05-25,TN,89819.01,892.0,8343.79,34115.03,1,1,TN,8493.23,2544780.1
2026-05-26,TN,93965.4,979.0,8281.55,39893.59,1,1,TN,8493.23,2544780.1
2026-05-27,TN,96086.48,962.0,8415.56,40377.51,1,1,TN,8493.23,2544780.1
2026-05-28,TN,94370.88,939.0,8399.73,40410.22,1,1,TN,8493.23,2544780.1
2026-05-29,TN,91876.56,988.0,8414.82,39637.34,1,1,TN,8493.23,2544780.1
2026-05-30,TN,87878.51,811.0,8570.27,37124.57,1,1,TN,8493.23,2544780.1
2026-05-31,TN,89458.39,913.0,8407.28,38457.39,1,1,TN,8493.23,2544780.1
2026-01-12,TX,162570.09,1568.0,15858.49,71220.96,1,1,TX,16006.61,5391706.39
2026-01-13,TX,174289.65,1707.0,16244.09,77909.18,1,1,TX,16006.61,5391706.39
2026-01-14,TX,168696.83,1676.0,16189.26,79233.91,1,1,TX,16006.61,5391706.39
2026-01-15,TX,167319.68,1675.0,16222.54,72067.97,1,1,TX,16006.61,5391706.39
2026-01-16,TX,157325.65,1669.0,16152.07,63695.5,1,1,TX,16006.61,5391706.39
2026-01-17,TX,150966.6,1494.0,16178.09,59378.92,1,1,TX,16006.61,5391706.39
2026-01-18,TX,160252.16,1609.0,16165.08,65933.94,1,1,TX,16006.61,5391706.39
2026-01-19,TX,172226.11,1736.0,16179.48,72178.11,1,1,TX,16006.61,5391706.39
2026-01-20,TX,177916.01,1740.0,16314.46,82462.86,1,1,TX,16006.61,5391706.39
2026-01-21,TX,176039.17,1706.0,16170.26,74106.71,1,1,TX,16006.61,5391706.39
2026-01-22,TX,177934.25,1947.0,16203.06,74057.31,1,1,TX,16006.61,5391706.39
2026-01-23,TX,166221.76,1646.0,16132.38,69692.79,1,1,TX,16006.61,5391706.39
2026-01-24,TX,154047.68,1662.0,16069.44,71811.34,1,1,TX,16006.61,5391706.39
2026-01-25,TX,158341.97,1606.0,16103.01,63768.39,1,1,TX,16006.61,5391706.39
2026-01-26,TX,157879.49,1562.0,16019.6,60933.01,1,1,TX,16006.61,5391706.39
2026-01-27,TX,163990.3,1592.0,15900.58,74065.17,1,1,TX,16006.61,5391706.39
2026-01-28,TX,172315.02,1785.0,15738.94,69925.52,1,1,TX,16006.61,5391706.39
2026-01-29,TX,171799.65,1758.0,15985.97,70361.37,1,1,TX,16006.61,5391706.39
2026-01-30,TX,155390.84,1601.0,15732.85,63732.6,1,1,TX,16006.61,5391706.39
2026-01-31,TX,144453.58,1398.0,15637.98,62348.43,1,1,TX,16006.61,5391706.39
2026-02-01,TX,152146.28,1630.0,15910.51,64450.15,1,1,TX,16006.61,5391706.39
2026-02-02,TX,155522.15,1394.0,15712.69,68570.01,1,1,TX,16006.61,5391706.39
2026-02-03,TX,162058.9,1563.0,15833.03,66624.93,1,1,TX,16006.61,5391706.39
2026-02-04,TX,162296.94,1625.0,15784.4,69760.21,1,1,TX,16006.61,5391706.39
2026-02-05,TX,155469.77,1513.0,15823.9,61891.07,1,1,TX,16006.61,5391706.39
2026-02-06,TX,144260.78,1419.0,15803.27,59783.11,1,1,TX,16006.61,5391706.39
2026-02-07,TX,138215.81,1406.0,16071.6,60256.15,1,1,TX,16006.61,5391706.39
2026-02-08,TX,136825.26,1333.0,16073.78,53793.48,1,1,TX,16006.61,5391706.39
2026-02-09,TX,144165.71,1473.0,15908.91,62903.06,1,1,TX,16006.61,5391706.39
2026-02-10,TX,152717.01,1520.0,15942.67,60671.63,1,1,TX,16006.61,5391706.39
2026-02-11,TX,155747.07,1693.0,16165.08,60391.01,1,1,TX,16006.61,5391706.39
2026-02-12,TX,162566.16,1566.0,16254.6,67475.76,1,1,TX,16006.61,5391706.39
2026-02-13,TX,149986.82,1551.0,16396.53,62215.57,1,1,TX,16006.61,5391706.39
2026-02-14,TX,144629.94,1508.0,16201.43,59822.11,1,1,TX,16006.61,5391706.39
2026-02-15,TX,152624.7,1495.0,16330.43,59368.77,1,1,TX,16006.61,5391706.39
2026-02-16,TX,161691.85,1693.0,16254.29,72092.82,1,1,TX,16006.61,5391706.39
2026-02-17,TX,168673.89,1682.0,16360.63,70698.48,1,1,TX,16006.61,5391706.39
2026-02-18,TX,171345.72,1709.0,16017.27,70811.82,1,1,TX,16006.61,5391706.39
2026-02-19,TX,167835.47,1656.0,16281.93,76181.26,1,1,TX,16006.61,5391706.39
2026-02-20,TX,160387.85,1509.0,16156.46,67989.87,1,1,TX,16006.61,5391706.39
2026-02-21,TX,158945.7,1691.0,16040.85,68908.81,1,1,TX,16006.61,5391706.39
2026-02-22,TX,160035.84,1642.0,16080.73,70744.3,1,1,TX,16006.61,5391706.39
2026-02-23,TX,167199.52,1761.0,16143.01,65883.39,1,1,TX,16006.61,5391706.39
2026-02-24,TX,172152.11,1772.0,15860.4,72185.79,1,1,TX,16006.61,5391706.39
2026-02-25,TX,182650.92,1860.0,15889.18,75828.49,1,1,TX,16006.61,5391706.39
2026-02-26,TX,176357.94,1764.0,15898.86,74440.81,1,1,TX,16006.61,5391706.39
2026-02-27,TX,168846.06,1654.0,16159.52,71683.99,1,1,TX,16006.61,5391706.39
2026-02-28,TX,161386.32,1637.0,15859.28,71197.02,1,1,TX,16006.61,5391706.39
2026-03-01,TX,165909.37,1630.0,15753.95,67473.31,1,1,TX,16006.61,5391706.39
2026-03-02,TX,174362.27,1731.0,15805.3,76919.85,1,1,TX,16006.61,5391706.39
2026-03-03,TX,179585.65,1845.0,15922.83,76226.63,1,1,TX,16006.61,5391706.39
2026-03-04,TX,186241.28,1816.0,15754.98,72860.29,1,1,TX,16006.61,5391706.39
2026-03-05,TX,176676.75,1604.0,15779.03,68434.48,1,1,TX,16006.61,5391706.39
2026-03-06,TX,164204.57,1499.0,16064.27,69009.48,1,1,TX,16006.61,5391706.39
2026-03-07,TX,157046.56,1640.0,15898.67,66467.39,1,1,TX,16006.61,5391706.39
2026-03-08,TX,157149.97,1476.0,15966.23,71874.82,1,1,TX,16006.61,5391706.39
2026-03-09,TX,163336.56,1672.0,16094.41,59325.43,1,1,TX,16006.61,5391706.39
2026-03-10,TX,167589.06,1621.0,16256.83,69497.5,1,1,TX,16006.61,5391706.39
2026-03-11,TX,171795.84,1656.0,16126.61,72418.95,1,1,TX,16006.61,5391706.39
2026-03-12,TX,156914.65,1568.0,16173.86,63098.81,1,1,TX,16006.61,5391706.39
2026-03-13,TX,148662.39,1446.0,15996.24,63866.77,1,1,TX,16006.61,5391706.39
2026-03-14,TX,154035.29,1544.0,16257.47,60504.83,1,1,TX,16006.61,5391706.39
2026-03-15,TX,152290.34,1417.0,16360.25,67727.74,1,1,TX,16006.61,5391706.39
2026-03-16,TX,167523.08,1656.0,16216.41,68803.36,1,1,TX,16006.61,5391706.39
2026-03-17,TX,176895.06,1756.0,16135.16,73819.12,1,1,TX,16006.61,5391706.39
2026-03-18,TX,173692.07,1762.0,16233.27,69916.31,1,1,TX,16006.61,5391706.39
2026-03-19,TX,177155.56,1748.0,15935.03,78870.41,1,1,TX,16006.61,5391706.39
2026-03-20,TX,169709.49,1534.0,16007.77,69736.01,1,1,TX,16006.61,5391706.39
2026-03-21,TX,160148.57,1662.0,16331.57,68157.43,1,1,TX,16006.61,5391706.39
2026-03-22,TX,162327.88,1618.0,16014.29,63510.02,1,1,TX,16006.61,5391706.39
2026-03-23,TX,200993.96,2016.0,15797.19,80068.71,1,1,TX,16006.61,5391706.39
2026-03-24,TX,205257.01,2092.0,15770.09,92923.64,1,1,TX,16006.61,5391706.39
2026-03-25,TX,206427.67,2085.0,15855.18,83734.61,1,1,TX,16006.61,5391706.39
2026-03-26,TX,197724.06,1999.0,15794.18,79954.81,1,1,TX,16006.61,5391706.39
2026-03-27,TX,188476.16,1987.0,16011.72,77989.06,1,1,TX,16006.61,5391706.39
2026-03-28,TX,183102.18,1826.0,15675.5,79150.98,1,1,TX,16006.61,5391706.39
2026-03-29,TX,186014.77,1996.0,15631.03,76745.12,1,1,TX,16006.61,5391706.39
2026-03-30,TX,173396.57,1845.0,15880.98,74563.2,1,1,TX,16006.61,5391706.39
2026-03-31,TX,188115.28,2042.0,15594.34,79855.33,1,1,TX,16006.61,5391706.39
2026-04-01,TX,186040.02,2032.0,15752.34,81138.44,1,1,TX,16006.61,5391706.39
2026-04-02,TX,176937.78,1742.0,15964.36,73505.49,1,1,TX,16006.61,5391706.39
2026-04-03,TX,174406.19,1809.0,15903.73,75067.62,1,1,TX,16006.61,5391706.39
2026-04-04,TX,170149.29,1654.0,15960.98,72807.3,1,1,TX,16006.61,5391706.39
2026-04-05,TX,172265.32,1649.0,15806.67,68473.57,1,1,TX,16006.61,5391706.39
2026-04-06,TX,176423.12,1691.0,15858.13,78036.58,1,1,TX,16006.61,5391706.39
2026-04-07,TX,182584.11,1810.0,16041.61,81272.7,1,1,TX,16006.61,5391706.39
2026-04-08,TX,183461.58,1856.0,16046.77,73816.76,1,1,TX,16006.61,5391706.39
2026-04-09,TX,170480.57,1670.0,16197.86,69219.43,1,1,TX,16006.61,5391706.39
2026-04-10,TX,160175.67,1670.0,16171.02,65130.07,1,1,TX,16006.61,5391706.39
2026-04-11,TX,155349.92,1633.0,16337.6,66563.9,1,1,TX,16006.61,5391706.39
2026-04-12,TX,155112.48,1698.0,16164.91,66111.43,1,1,TX,16006.61,5391706.39
2026-04-13,TX,164316.43,1722.0,16237.8,69863.05,1,1,TX,16006.61,5391706.39
2026-04-14,TX,180152.16,1843.0,16190.41,73947.3,1,1,TX,16006.61,5391706.39
2026-04-15,TX,180554.25,1834.0,16165.6,73423.96,1,1,TX,16006.61,5391706.39
2026-04-16,TX,174675.5,1605.0,16093.13,71323.12,1,1,TX,16006.61,5391706.39
2026-04-17,TX,166949.73,1663.0,16202.59,71647.11,1,1,TX,16006.61,5391706.39
2026-04-18,TX,161755.2,1519.0,15987.16,72883.81,1,1,TX,16006.61,5391706.39
2026-04-19,TX,162559.53,1619.0,16072.86,63067.12,1,1,TX,16006.61,5391706.39
2026-04-20,TX,175541.74,1788.0,15868.66,75461.08,1,1,TX,16006.61,5391706.39
2026-04-21,TX,178670.28,1778.0,15877.17,67807.36,1,1,TX,16006.61,5391706.39
2026-04-22,TX,178057.38,1783.0,15874.01,70983.01,1,1,TX,16006.61,5391706.39
2026-04-23,TX,174054.35,1867.0,15994.11,73670.56,1,1,TX,16006.61,5391706.39
2026-04-24,TX,166679.69,1537.0,15799.58,63781.91,1,1,TX,16006.61,5391706.39
2026-04-25,TX,152587.08,1513.0,15682.71,62838.47,1,1,TX,16006.61,5391706.39
2026-04-26,TX,157590.52,1598.0,15875.49,65346.16,1,1,TX,16006.61,5391706.39
2026-04-27,TX,167844.01,1712.0,15556.11,70036.25,1,1,TX,16006.61,5391706.39
2026-04-28,TX,180221.52,1683.0,15744.08,75803.26,1,1,TX,16006.61,5391706.39
2026-04-29,TX,177926.26,1904.0,15683.05,70087.51,1,1,TX,16006.61,5391706.39
2026-04-30,TX,171583.92,1732.0,15744.56,70177.14,1,1,TX,16006.61,5391706.39
2026-05-01,TX,177010.22,1639.0,15729.63,69865.86,1,1,TX,16006.61,5391706.39
2026-05-02,TX,172201.93,1717.0,15732.99,76253.63,1,1,TX,16006.61,5391706.39
2026-05-03,TX,175190.94,1712.0,15883.3,73971.51,1,1,TX,16006.61,5391706.39
2026-05-04,TX,190166.95,1981.0,15880.03,80526.93,1,1,TX,16006.61,5391706.39
2026-05-05,TX,205045.16,1968.0,16346.05,83890.53,1,1,TX,16006.61,5391706.39
2026-05-06,TX,201713.96,1982.0,16135.15,85016.71,1,1,TX,16006.61,5391706.39
2026-05-07,TX,195710.52,1858.0,16127.49,80801.57,1,1,TX,16006.61,5391706.39
2026-05-08,TX,190940.14,1790.0,16095.41,80272.95,1,1,TX,16006.61,5391706.39
2026-05-09,TX,178791.39,1797.0,16160.69,77945.22,1,1,TX,16006.61,5391706.39
2026-05-10,TX,183617.57,1701.0,16235.4,84719.26,1,1,TX,16006.61,5391706.39
2026-05-11,TX,189532.53,1903.0,16143.22,77285.28,1,1,TX,16006.61,5391706.39
2026-05-12,TX,195307.92,1826.0,16267.51,84359.93,1,1,TX,16006.61,5391706.39
2026-05-13,TX,200567.76,2112.0,16309.68,82361.29,1,1,TX,16006.61,5391706.39
2026-05-14,TX,195148.13,1913.0,16224.75,86554.64,1,1,TX,16006.61,5391706.39
2026-05-15,TX,187581.48,1979.0,16177.5,73348.44,1,1,TX,16006.61,5391706.39
2026-05-16,TX,178818.62,1780.0,16011.63,71289.0,1,1,TX,16006.61,5391706.39
2026-05-17,TX,179326.3,1751.0,16006.01,82500.15,1,1,TX,16006.61,5391706.39
2026-05-18,TX,182853.14,1766.0,15816.62,70502.89,1,1,TX,16006.61,5391706.39
2026-05-19,TX,196772.74,1978.0,15950.82,77598.21,1,1,TX,16006.61,5391706.39
2026-05-20,TX,196392.09,2093.0,15726.61,84951.95,1,1,TX,16006.61,5391706.39
2026-05-21,TX,190620.37,1847.0,15767.49,79475.94,1,1,TX,16006.61,5391706.39
2026-05-22,TX,180118.77,1805.0,15758.48,76741.28,1,1,TX,16006.61,5391706.39
2026-05-23,TX,181342.64,1858.0,15822.43,80315.11,1,1,TX,16006.61,5391706.39
2026-05-24,TX,190330.05,1934.0,16034.83,80883.97,1,1,TX,16006.61,5391706.39
2026-05-25,TX,200106.43,1796.0,16050.76,81063.78,1,1,TX,16006.61,5391706.39
2026-05-26,TX,201758.1,1920.0,15772.87,87771.08,1,1,TX,16006.61,5391706.39
2026-05-27,TX,205425.3,2026.0,16016.9,82726.54,1,1,TX,16006.61,5391706.39
2026-05-28,TX,203534.88,2045.0,15798.66,90308.61,1,1,TX,16006.61,5391706.39
2026-05-29,TX,199301.87,2106.0,15699.14,78702.6,1,1,TX,16006.61,5391706.39
2026-05-30,TX,193329.91,2099.0,15921.09,86755.96,1,1,TX,16006.61,5391706.39
2026-05-31,TX,197551.67,2065.0,15927.91,79360.01,1,1,TX,16006.61,5391706.39
2026-01-12,WI,60709.81,626.0,5991.02,23298.9,1,1,WI,6014.92,1786025.45
2026-01-13,WI,64169.76,640.0,6075.44,25814.99,1,1,WI,6014.92,1786025.45
2026-01-14,WI,65910.73,699.0,6060.96,30010.06,1,1,WI,6014.92,1786025.45
2026-01-15,WI,63895.6,627.0,6045.01,26959.91,1,1,WI,6014.92,1786025.45
2026-01-16,WI,59213.84,614.0,6119.61,24415.24,1,1,WI,6014.92,1786025.45
2026-01-17,WI,56267.63,542.0,6112.57,22889.32,1,1,WI,6014.92,1786025.45
2026-01-18,WI,56799.37,562.0,6166.44,22751.0,1,1,WI,6014.92,1786025.45
2026-01-19,WI,62716.96,606.0,6036.97,25816.7,1,1,WI,6014.92,1786025.45
2026-01-20,WI,66486.64,675.0,6095.97,29537.95,1,1,WI,6014.92,1786025.45
2026-01-21,WI,66358.48,624.0,6091.4,26985.35,1,1,WI,6014.92,1786025.45
2026-01-22,WI,64761.65,614.0,6112.41,28353.13,1,1,WI,6014.92,1786025.45
2026-01-23,WI,59887.24,616.0,6130.68,25994.11,1,1,WI,6014.92,1786025.45
2026-01-24,WI,57047.76,598.0,6090.49,24173.12,1,1,WI,6014.92,1786025.45
2026-01-25,WI,59453.47,563.0,6002.58,25353.76,1,1,WI,6014.92,1786025.45
2026-01-26,WI,60787.11,604.0,6043.18,27443.92,1,1,WI,6014.92,1786025.45
2026-01-27,WI,61792.17,634.0,5937.84,25477.4,1,1,WI,6014.92,1786025.45
2026-01-28,WI,64241.21,667.0,6019.28,26451.45,1,1,WI,6014.92,1786025.45
2026-01-29,WI,61911.8,661.0,5977.96,25954.35,1,1,WI,6014.92,1786025.45
2026-01-30,WI,57335.86,588.0,5956.23,25923.21,1,1,WI,6014.92,1786025.45
2026-01-31,WI,55730.22,561.0,5885.64,22962.51,1,1,WI,6014.92,1786025.45
2026-02-01,WI,57451.86,528.0,5859.4,22913.26,1,1,WI,6014.92,1786025.45
2026-02-02,WI,59769.15,625.0,5915.83,25614.84,1,1,WI,6014.92,1786025.45
2026-02-03,WI,63089.45,690.0,5934.08,25801.96,1,1,WI,6014.92,1786025.45
2026-02-04,WI,62012.04,632.0,5920.16,25083.08,1,1,WI,6014.92,1786025.45
2026-02-05,WI,59291.16,583.0,5997.56,25594.87,1,1,WI,6014.92,1786025.45
2026-02-06,WI,56460.01,612.0,5869.19,22244.48,1,1,WI,6014.92,1786025.45
2026-02-07,WI,55976.74,575.0,5950.14,23445.83,1,1,WI,6014.92,1786025.45
2026-02-08,WI,56138.28,579.0,5975.94,23173.99,1,1,WI,6014.92,1786025.45
2026-02-09,WI,58541.34,588.0,5967.83,23971.23,1,1,WI,6014.92,1786025.45
2026-02-10,WI,62271.56,619.0,5988.22,26318.58,1,1,WI,6014.92,1786025.45
2026-02-11,WI,61991.69,666.0,5969.85,25290.38,1,1,WI,6014.92,1786025.45
2026-02-12,WI,59790.29,579.0,6002.46,25148.01,1,1,WI,6014.92,1786025.45
2026-02-13,WI,56360.14,563.0,6010.33,23043.23,1,1,WI,6014.92,1786025.45
2026-02-14,WI,56412.14,582.0,6045.09,24594.27,1,1,WI,6014.92,1786025.45
2026-02-15,WI,61775.72,604.0,6095.04,25894.2,1,1,WI,6014.92,1786025.45
2026-02-16,WI,63495.65,601.0,6140.61,26966.55,1,1,WI,6014.92,1786025.45
2026-02-17,WI,68438.76,714.0,6048.23,29231.18,1,1,WI,6014.92,1786025.45
2026-02-18,WI,67447.51,663.0,6080.91,30105.29,1,1,WI,6014.92,1786025.45
2026-02-19,WI,63366.47,637.0,5976.38,26815.94,1,1,WI,6014.92,1786025.45
2026-02-20,WI,59436.28,599.0,5985.5,25693.51,1,1,WI,6014.92,1786025.45
2026-02-21,WI,57725.98,591.0,6015.97,24650.24,1,1,WI,6014.92,1786025.45
2026-02-22,WI,59690.57,620.0,6063.27,25439.92,1,1,WI,6014.92,1786025.45
2026-02-23,WI,64229.51,642.0,6049.46,24055.11,1,1,WI,6014.92,1786025.45
2026-02-24,WI,67758.13,684.0,6031.65,27500.44,1,1,WI,6014.92,1786025.45
2026-02-25,WI,66338.78,628.0,5950.72,29418.66,1,1,WI,6014.92,1786025.45
2026-02-26,WI,64223.01,609.0,6008.42,26281.76,1,1,WI,6014.92,1786025.45
2026-02-27,WI,60462.33,604.0,5965.92,25493.07,1,1,WI,6014.92,1786025.45
2026-02-28,WI,58499.12,622.0,5959.14,23838.07,1,1,WI,6014.92,1786025.45
2026-03-01,WI,60059.25,599.0,5888.72,25111.48,1,1,WI,6014.92,1786025.45
2026-03-02,WI,63428.59,634.0,5969.9,27976.08,1,1,WI,6014.92,1786025.45
2026-03-03,WI,66103.91,667.0,5988.48,28519.38,1,1,WI,6014.92,1786025.45
2026-03-04,WI,66613.57,673.0,5879.36,28620.41,1,1,WI,6014.92,1786025.45
2026-03-05,WI,64927.71,669.0,5978.92,26974.11,1,1,WI,6014.92,1786025.45
2026-03-06,WI,55788.43,603.0,5911.93,23155.27,1,1,WI,6014.92,1786025.45
2026-03-07,WI,56058.75,588.0,5959.47,25128.9,1,1,WI,6014.92,1786025.45
2026-03-08,WI,56558.86,511.0,5949.51,24113.74,1,1,WI,6014.92,1786025.45
2026-03-09,WI,60288.31,589.0,6076.55,27207.78,1,1,WI,6014.92,1786025.45
2026-03-10,WI,63056.9,667.0,6057.96,25827.48,1,1,WI,6014.92,1786025.45
2026-03-11,WI,65316.99,700.0,6044.15,28217.94,1,1,WI,6014.92,1786025.45
2026-03-12,WI,61823.26,609.0,6014.09,26060.79,1,1,WI,6014.92,1786025.45
2026-03-13,WI,62039.78,592.0,6060.43,25910.29,1,1,WI,6014.92,1786025.45
2026-03-14,WI,57012.33,622.0,6027.06,22455.42,1,1,WI,6014.92,1786025.45
2026-03-15,WI,55611.17,501.0,6063.51,23044.28,1,1,WI,6014.92,1786025.45
2026-03-16,WI,58554.39,609.0,6103.35,23543.49,1,1,WI,6014.92,1786025.45
2026-03-17,WI,61387.19,601.0,6108.15,26992.01,1,1,WI,6014.92,1786025.45
2026-03-18,WI,62742.34,649.0,6122.12,26272.36,1,1,WI,6014.92,1786025.45
2026-03-19,WI,60876.11,634.0,6074.13,24206.77,1,1,WI,6014.92,1786025.45
2026-03-20,WI,61546.65,612.0,6035.41,25381.87,1,1,WI,6014.92,1786025.45
2026-03-21,WI,58565.62,574.0,6064.07,23683.84,1,1,WI,6014.92,1786025.45
2026-03-22,WI,57539.67,581.0,6073.65,25165.31,1,1,WI,6014.92,1786025.45
2026-03-23,WI,73328.24,723.0,6023.63,30785.72,1,1,WI,6014.92,1786025.45
2026-03-24,WI,75793.97,743.0,5973.81,32855.28,1,1,WI,6014.92,1786025.45
2026-03-25,WI,75723.47,731.0,5964.86,33072.76,1,1,WI,6014.92,1786025.45
2026-03-26,WI,72153.19,706.0,5881.26,28724.65,1,1,WI,6014.92,1786025.45
2026-03-27,WI,69964.86,714.0,5850.31,27927.14,1,1,WI,6014.92,1786025.45
2026-03-28,WI,68332.47,696.0,5893.5,30322.3,1,1,WI,6014.92,1786025.45
2026-03-29,WI,68288.31,692.0,5879.29,28392.37,1,1,WI,6014.92,1786025.45
2026-03-30,WI,62035.73,626.0,5834.42,25564.49,1,1,WI,6014.92,1786025.45
2026-03-31,WI,68600.23,705.0,5857.98,27369.74,1,1,WI,6014.92,1786025.45
2026-04-01,WI,65666.31,689.0,5890.63,28332.72,1,1,WI,6014.92,1786025.45
2026-04-02,WI,64826.96,662.0,5950.44,24843.82,1,1,WI,6014.92,1786025.45
2026-04-03,WI,61865.93,590.0,5952.91,24072.67,1,1,WI,6014.92,1786025.45
2026-04-04,WI,55512.37,546.0,5975.54,22749.03,1,1,WI,6014.92,1786025.45
2026-04-05,WI,56840.3,599.0,5961.63,23560.87,1,1,WI,6014.92,1786025.45
2026-04-06,WI,59062.63,572.0,5990.5,23952.69,1,1,WI,6014.92,1786025.45
2026-04-07,WI,62641.19,636.0,6046.95,25826.94,1,1,WI,6014.92,1786025.45
2026-04-08,WI,64988.69,659.0,5973.99,26337.29,1,1,WI,6014.92,1786025.45
2026-04-09,WI,63205.21,623.0,6038.26,26914.26,1,1,WI,6014.92,1786025.45
2026-04-10,WI,60981.16,609.0,6124.73,24812.51,1,1,WI,6014.92,1786025.45
2026-04-11,WI,57579.9,570.0,6114.16,24704.03,1,1,WI,6014.92,1786025.45
2026-04-12,WI,56965.41,562.0,6085.28,22369.2,1,1,WI,6014.92,1786025.45
2026-04-13,WI,58824.62,587.0,6115.1,24908.8,1,1,WI,6014.92,1786025.45
2026-04-14,WI,62260.4,655.0,6147.44,27384.48,1,1,WI,6014.92,1786025.45
2026-04-15,WI,63013.78,645.0,6094.74,25624.6,1,1,WI,6014.92,1786025.45
2026-04-16,WI,63209.41,623.0,6040.29,26780.1,1,1,WI,6014.92,1786025.45
2026-04-17,WI,57649.16,598.0,6022.04,24495.48,1,1,WI,6014.92,1786025.45
2026-04-18,WI,55703.39,536.0,6039.74,24615.07,1,1,WI,6014.92,1786025.45
2026-04-19,WI,57080.93,588.0,6040.74,24543.57,1,1,WI,6014.92,1786025.45
2026-04-20,WI,60444.92,650.0,6020.53,24379.7,1,1,WI,6014.92,1786025.45
2026-04-21,WI,64659.71,637.0,5967.2,27305.97,1,1,WI,6014.92,1786025.45
2026-04-22,WI,67671.07,654.0,5964.79,29748.23,1,1,WI,6014.92,1786025.45
2026-04-23,WI,67077.14,671.0,5948.1,25660.13,1,1,WI,6014.92,1786025.45
2026-04-24,WI,62661.14,618.0,5891.42,25529.66,1,1,WI,6014.92,1786025.45
2026-04-25,WI,58986.04,587.0,5840.05,25165.91,1,1,WI,6014.92,1786025.45
2026-04-26,WI,59118.82,575.0,5927.07,24924.4,1,1,WI,6014.92,1786025.45
2026-04-27,WI,65168.4,649.0,5964.79,26408.44,1,1,WI,6014.92,1786025.45
2026-04-28,WI,67294.81,675.0,5938.8,27254.29,1,1,WI,6014.92,1786025.45
2026-04-29,WI,69219.54,688.0,5884.51,29856.28,1,1,WI,6014.92,1786025.45
2026-04-30,WI,65639.1,661.0,5924.51,27179.35,1,1,WI,6014.92,1786025.45
2026-05-01,WI,62485.36,600.0,5988.7,25987.8,1,1,WI,6014.92,1786025.45
2026-05-02,WI,61177.46,618.0,5978.58,26813.44,1,1,WI,6014.92,1786025.45
2026-05-03,WI,60763.49,627.0,5942.11,24839.43,1,1,WI,6014.92,1786025.45
2026-05-04,WI,64144.23,640.0,6024.44,29744.78,1,1,WI,6014.92,1786025.45
2026-05-05,WI,66549.21,693.0,6000.84,28950.36,1,1,WI,6014.92,1786025.45
2026-05-06,WI,67089.49,688.0,6065.38,28070.6,1,1,WI,6014.92,1786025.45
2026-05-07,WI,64489.57,658.0,6130.05,27069.41,1,1,WI,6014.92,1786025.45
2026-05-08,WI,63111.5,640.0,6121.83,26809.65,1,1,WI,6014.92,1786025.45
2026-05-09,WI,61607.23,613.0,6127.78,25572.66,1,1,WI,6014.92,1786025.45
2026-05-10,WI,65512.71,602.0,6134.86,27066.59,1,1,WI,6014.92,1786025.45
2026-05-11,WI,68291.43,664.0,6058.62,29101.73,1,1,WI,6014.92,1786025.45
2026-05-12,WI,70999.09,738.0,6080.03,28995.89,1,1,WI,6014.92,1786025.45
2026-05-13,WI,72166.13,763.0,6035.05,28976.14,1,1,WI,6014.92,1786025.45
2026-05-14,WI,70436.13,714.0,6050.04,28739.04,1,1,WI,6014.92,1786025.45
2026-05-15,WI,65665.49,648.0,6065.79,28440.74,1,1,WI,6014.92,1786025.45
2026-05-16,WI,61963.54,580.0,6025.7,25254.62,1,1,WI,6014.92,1786025.45
2026-05-17,WI,61834.95,560.0,6039.96,26790.06,1,1,WI,6014.92,1786025.45
2026-05-18,WI,62198.57,644.0,6021.06,26928.32,1,1,WI,6014.92,1786025.45
2026-05-19,WI,68105.86,685.0,5993.93,29777.81,1,1,WI,6014.92,1786025.45
2026-05-20,WI,68418.76,746.0,6034.94,26099.54,1,1,WI,6014.92,1786025.45
2026-05-21,WI,66010.71,620.0,5975.38,27398.62,1,1,WI,6014.92,1786025.45
2026-05-22,WI,59837.16,611.0,5932.18,26017.53,1,1,WI,6014.92,1786025.45
2026-05-23,WI,56718.76,608.0,5896.57,23794.92,1,1,WI,6014.92,1786025.45
2026-05-24,WI,54872.95,562.0,5923.12,23660.7,1,1,WI,6014.92,1786025.45
2026-05-25,WI,58538.21,603.0,5977.81,24483.37,1,1,WI,6014.92,1786025.45
2026-05-26,WI,63788.76,617.0,5933.88,26371.96,1,1,WI,6014.92,1786025.45
2026-05-27,WI,62699.09,656.0,5846.29,25985.25,1,1,WI,6014.92,1786025.45
2026-05-28,WI,61595.92,590.0,5947.04,26859.95,1,1,WI,6014.92,1786025.45
2026-05-29,WI,60141.07,613.0,5960.65,23166.31,1,1,WI,6014.92,1786025.45
2026-05-30,WI,59242.46,593.0,5992.28,25671.79,1,1,WI,6014.92,1786025.45
2026-05-31,WI,59996.47,588.0,6022.26,26018.7,1,1,WI,6014.92,1786025.45
